"material","cantidades","precio_tonelada","fecha_precio","importe"
"1012510",2,223.1,2012-08-06,446.2
"1012510",2,227.2,2012-05-21,454.4
"1012510",2,224.6,2012-07-02,449.2
"1012510",2,223.4,2012-07-30,446.8
"1012510",2,225,2012-05-14,450
"1012510",2,225,2012-05-28,450
"1012510",2,224.6,2012-06-11,449.2
"1012510",2,224.5,2012-06-04,449
"1012510",2,226.2,2012-07-16,452.4
"1012510",2,226.2,2012-07-09,452.4
"1012510",2,223.4,2012-07-23,446.8
"1012510",2,224.6,2012-06-25,449.2
"1012510",2,224.6,2012-06-18,449.2
"1012510",2,223.1,2012-08-13,446.2
"1012511",2,115,2012-05-14,230
"1012511",2,114.5,2012-05-21,229
"1012511",2,119.9,2012-08-06,239.8
"1012511",2,119.6,2012-07-30,239.2
"1012511",2,114.7,2012-06-04,229.4
"1012511",2,119.6,2012-07-23,239.2
"1012511",2,114.9,2012-06-18,229.8
"1012511",2,113,2012-05-28,226
"1012511",2,116.9,2012-07-16,233.8
"1012511",2,119.9,2012-08-13,239.8
"1012511",2,114.9,2012-07-02,229.8
"1012511",2,114.9,2012-06-25,229.8
"1012511",2,114.9,2012-06-11,229.8
"1012511",2,116.9,2012-07-09,233.8
"1012512",2,352,2012-05-14,704
"1012512",2,350.9,2012-05-21,701.8
"1012512",2,355.2,2012-07-30,710.4
"1012512",2,351.9,2012-06-04,703.8
"1012512",2,355,2012-07-16,710
"1012512",2,352,2012-07-02,704
"1012512",2,355.4,2012-08-13,710.8
"1012512",2,355.4,2012-08-06,710.8
"1012512",2,352,2012-06-11,704
"1012512",2,350.6,2012-05-28,701.2
"1012512",2,352,2012-06-25,704
"1012512",2,352,2012-06-18,704
"1012512",2,355,2012-07-09,710
"1012512",2,355.2,2012-07-23,710.4
"1012512",2,352,2012-05-14,704
"1012512",2,350.9,2012-05-21,701.8
"1012512",2,355.2,2012-07-30,710.4
"1012512",2,351.9,2012-06-04,703.8
"1012512",2,355,2012-07-16,710
"1012512",2,352,2012-07-02,704
"1012512",2,355.4,2012-08-13,710.8
"1012512",2,355.4,2012-08-06,710.8
"1012512",2,352,2012-06-11,704
"1012512",2,350.6,2012-05-28,701.2
"1012512",2,352,2012-06-25,704
"1012512",2,352,2012-06-18,704
"1012512",2,355,2012-07-09,710
"1012512",2,355.2,2012-07-23,710.4
"1012512",3,352,2012-05-14,1056
"1012512",3,350.9,2012-05-21,1052.7
"1012512",3,355.2,2012-07-30,1065.6
"1012512",3,351.9,2012-06-04,1055.7
"1012512",3,355,2012-07-16,1065
"1012512",3,352,2012-07-02,1056
"1012512",3,355.4,2012-08-13,1066.2
"1012512",3,355.4,2012-08-06,1066.2
"1012512",3,352,2012-06-11,1056
"1012512",3,350.6,2012-05-28,1051.8
"1012512",3,352,2012-06-25,1056
"1012512",3,352,2012-06-18,1056
"1012512",3,355,2012-07-09,1065
"1012512",3,355.2,2012-07-23,1065.6
"1012512",2,352,2012-05-14,704
"1012512",2,350.9,2012-05-21,701.8
"1012512",2,355.2,2012-07-30,710.4
"1012512",2,351.9,2012-06-04,703.8
"1012512",2,355,2012-07-16,710
"1012512",2,352,2012-07-02,704
"1012512",2,355.4,2012-08-13,710.8
"1012512",2,355.4,2012-08-06,710.8
"1012512",2,352,2012-06-11,704
"1012512",2,350.6,2012-05-28,701.2
"1012512",2,352,2012-06-25,704
"1012512",2,352,2012-06-18,704
"1012512",2,355,2012-07-09,710
"1012512",2,355.2,2012-07-23,710.4
"1012513",3,176,2012-05-14,528
"1012513",3,173.1,2012-08-06,519.3
"1012513",3,173.3,2012-07-23,519.9
"1012513",3,175.2,2012-07-02,525.6
"1012513",3,175.2,2012-06-18,525.6
"1012513",3,175,2012-06-04,525
"1012513",3,174.5,2012-07-09,523.5
"1012513",3,173.1,2012-08-13,519.3
"1012513",3,175.2,2012-06-25,525.6
"1012513",3,175.2,2012-06-11,525.6
"1012513",3,173.3,2012-07-30,519.9
"1012513",3,176,2012-05-21,528
"1012513",3,174.2,2012-05-28,522.6
"1012513",3,174.5,2012-07-16,523.5
"1012513",3,176,2012-05-14,528
"1012513",3,173.1,2012-08-06,519.3
"1012513",3,173.3,2012-07-23,519.9
"1012513",3,175.2,2012-07-02,525.6
"1012513",3,175.2,2012-06-18,525.6
"1012513",3,175,2012-06-04,525
"1012513",3,174.5,2012-07-09,523.5
"1012513",3,173.1,2012-08-13,519.3
"1012513",3,175.2,2012-06-25,525.6
"1012513",3,175.2,2012-06-11,525.6
"1012513",3,173.3,2012-07-30,519.9
"1012513",3,176,2012-05-21,528
"1012513",3,174.2,2012-05-28,522.6
"1012513",3,174.5,2012-07-16,523.5
"1012513",3,176,2012-05-14,528
"1012513",3,173.1,2012-08-06,519.3
"1012513",3,173.3,2012-07-23,519.9
"1012513",3,175.2,2012-07-02,525.6
"1012513",3,175.2,2012-06-18,525.6
"1012513",3,175,2012-06-04,525
"1012513",3,174.5,2012-07-09,523.5
"1012513",3,173.1,2012-08-13,519.3
"1012513",3,175.2,2012-06-25,525.6
"1012513",3,175.2,2012-06-11,525.6
"1012513",3,173.3,2012-07-30,519.9
"1012513",3,176,2012-05-21,528
"1012513",3,174.2,2012-05-28,522.6
"1012513",3,174.5,2012-07-16,523.5
"1012513",3,176,2012-05-14,528
"1012513",3,173.1,2012-08-06,519.3
"1012513",3,173.3,2012-07-23,519.9
"1012513",3,175.2,2012-07-02,525.6
"1012513",3,175.2,2012-06-18,525.6
"1012513",3,175,2012-06-04,525
"1012513",3,174.5,2012-07-09,523.5
"1012513",3,173.1,2012-08-13,519.3
"1012513",3,175.2,2012-06-25,525.6
"1012513",3,175.2,2012-06-11,525.6
"1012513",3,173.3,2012-07-30,519.9
"1012513",3,176,2012-05-21,528
"1012513",3,174.2,2012-05-28,522.6
"1012513",3,174.5,2012-07-16,523.5
"1012514",12,195,2012-07-23,2340
"1012514",12,190,2012-07-16,2280
"1012514",12,187,2012-06-04,2244
"1012514",12,187.4,2012-07-02,2248.8
"1012514",12,187.4,2012-06-18,2248.8
"1012514",12,187.4,2012-06-11,2248.8
"1012514",12,190,2012-07-09,2280
"1012514",12,187,2012-05-21,2244
"1012514",12,195.1,2012-08-13,2341.2
"1012514",12,195.1,2012-08-06,2341.2
"1012514",12,195,2012-07-30,2340
"1012514",12,187.4,2012-06-25,2248.8
"1012514",12,187,2012-05-14,2244
"1012514",12,187.1,2012-05-28,2245.2
"1012514",10,195,2012-07-23,1950
"1012514",10,190,2012-07-16,1900
"1012514",10,187,2012-06-04,1870
"1012514",10,187.4,2012-07-02,1874
"1012514",10,187.4,2012-06-18,1874
"1012514",10,187.4,2012-06-11,1874
"1012514",10,190,2012-07-09,1900
"1012514",10,187,2012-05-21,1870
"1012514",10,195.1,2012-08-13,1951
"1012514",10,195.1,2012-08-06,1951
"1012514",10,195,2012-07-30,1950
"1012514",10,187.4,2012-06-25,1874
"1012514",10,187,2012-05-14,1870
"1012514",10,187.1,2012-05-28,1871
"1012514",12,195,2012-07-23,2340
"1012514",12,190,2012-07-16,2280
"1012514",12,187,2012-06-04,2244
"1012514",12,187.4,2012-07-02,2248.8
"1012514",12,187.4,2012-06-18,2248.8
"1012514",12,187.4,2012-06-11,2248.8
"1012514",12,190,2012-07-09,2280
"1012514",12,187,2012-05-21,2244
"1012514",12,195.1,2012-08-13,2341.2
"1012514",12,195.1,2012-08-06,2341.2
"1012514",12,195,2012-07-30,2340
"1012514",12,187.4,2012-06-25,2248.8
"1012514",12,187,2012-05-14,2244
"1012514",12,187.1,2012-05-28,2245.2
"1012514",10,195,2012-07-23,1950
"1012514",10,190,2012-07-16,1900
"1012514",10,187,2012-06-04,1870
"1012514",10,187.4,2012-07-02,1874
"1012514",10,187.4,2012-06-18,1874
"1012514",10,187.4,2012-06-11,1874
"1012514",10,190,2012-07-09,1900
"1012514",10,187,2012-05-21,1870
"1012514",10,195.1,2012-08-13,1951
"1012514",10,195.1,2012-08-06,1951
"1012514",10,195,2012-07-30,1950
"1012514",10,187.4,2012-06-25,1874
"1012514",10,187,2012-05-14,1870
"1012514",10,187.1,2012-05-28,1871
"1012514",10,195,2012-07-23,1950
"1012514",10,190,2012-07-16,1900
"1012514",10,187,2012-06-04,1870
"1012514",10,187.4,2012-07-02,1874
"1012514",10,187.4,2012-06-18,1874
"1012514",10,187.4,2012-06-11,1874
"1012514",10,190,2012-07-09,1900
"1012514",10,187,2012-05-21,1870
"1012514",10,195.1,2012-08-13,1951
"1012514",10,195.1,2012-08-06,1951
"1012514",10,195,2012-07-30,1950
"1012514",10,187.4,2012-06-25,1874
"1012514",10,187,2012-05-14,1870
"1012514",10,187.1,2012-05-28,1871
"1012514",10,195,2012-07-23,1950
"1012514",10,190,2012-07-16,1900
"1012514",10,187,2012-06-04,1870
"1012514",10,187.4,2012-07-02,1874
"1012514",10,187.4,2012-06-18,1874
"1012514",10,187.4,2012-06-11,1874
"1012514",10,190,2012-07-09,1900
"1012514",10,187,2012-05-21,1870
"1012514",10,195.1,2012-08-13,1951
"1012514",10,195.1,2012-08-06,1951
"1012514",10,195,2012-07-30,1950
"1012514",10,187.4,2012-06-25,1874
"1012514",10,187,2012-05-14,1870
"1012514",10,187.1,2012-05-28,1871
"1012514",10,195,2012-07-23,1950
"1012514",10,190,2012-07-16,1900
"1012514",10,187,2012-06-04,1870
"1012514",10,187.4,2012-07-02,1874
"1012514",10,187.4,2012-06-18,1874
"1012514",10,187.4,2012-06-11,1874
"1012514",10,190,2012-07-09,1900
"1012514",10,187,2012-05-21,1870
"1012514",10,195.1,2012-08-13,1951
"1012514",10,195.1,2012-08-06,1951
"1012514",10,195,2012-07-30,1950
"1012514",10,187.4,2012-06-25,1874
"1012514",10,187,2012-05-14,1870
"1012514",10,187.1,2012-05-28,1871
"1012515",10,151.1,2012-07-30,1511
"1012515",10,153.1,2012-06-18,1531
"1012515",10,155.1,2012-07-16,1551
"1012515",10,151.6,2012-08-06,1516
"1012515",10,151.6,2012-08-13,1516
"1012515",10,153.1,2012-07-02,1531
"1012515",10,151.1,2012-07-23,1511
"1012515",10,153.1,2012-06-25,1531
"1012515",10,153.4,2012-05-28,1534
"1012515",10,151,2012-05-14,1510
"1012515",10,155.1,2012-07-09,1551
"1012515",10,153,2012-06-04,1530
"1012515",10,151,2012-05-21,1510
"1012515",10,153.1,2012-06-11,1531
"1012515",10,151.1,2012-07-30,1511
"1012515",10,153.1,2012-06-18,1531
"1012515",10,155.1,2012-07-16,1551
"1012515",10,151.6,2012-08-06,1516
"1012515",10,151.6,2012-08-13,1516
"1012515",10,153.1,2012-07-02,1531
"1012515",10,151.1,2012-07-23,1511
"1012515",10,153.1,2012-06-25,1531
"1012515",10,153.4,2012-05-28,1534
"1012515",10,151,2012-05-14,1510
"1012515",10,155.1,2012-07-09,1551
"1012515",10,153,2012-06-04,1530
"1012515",10,151,2012-05-21,1510
"1012515",10,153.1,2012-06-11,1531
"1012522",2.5,178.2,2012-08-06,445.5
"1012522",2.5,176.1,2012-06-04,440.25
"1012522",2.5,176.2,2012-07-02,440.5
"1012522",2.5,176.2,2012-06-25,440.5
"1012522",2.5,177.5,2012-07-16,443.75
"1012522",2.5,178.2,2012-08-13,445.5
"1012522",2.5,178.5,2012-07-23,446.25
"1012522",2.5,175,2012-05-28,437.5
"1012522",2.5,174.1,2012-05-21,435.25
"1012522",2.5,177.5,2012-07-09,443.75
"1012522",2.5,176.2,2012-06-18,440.5
"1012522",2.5,178.5,2012-07-30,446.25
"1012522",2.5,175,2012-05-14,437.5
"1012522",2.5,176.2,2012-06-11,440.5
"1012522",2.5,178.2,2012-08-06,445.5
"1012522",2.5,176.1,2012-06-04,440.25
"1012522",2.5,176.2,2012-07-02,440.5
"1012522",2.5,176.2,2012-06-25,440.5
"1012522",2.5,177.5,2012-07-16,443.75
"1012522",2.5,178.2,2012-08-13,445.5
"1012522",2.5,178.5,2012-07-23,446.25
"1012522",2.5,175,2012-05-28,437.5
"1012522",2.5,174.1,2012-05-21,435.25
"1012522",2.5,177.5,2012-07-09,443.75
"1012522",2.5,176.2,2012-06-18,440.5
"1012522",2.5,178.5,2012-07-30,446.25
"1012522",2.5,175,2012-05-14,437.5
"1012522",2.5,176.2,2012-06-11,440.5
"1012522",2.5,178.2,2012-08-06,445.5
"1012522",2.5,176.1,2012-06-04,440.25
"1012522",2.5,176.2,2012-07-02,440.5
"1012522",2.5,176.2,2012-06-25,440.5
"1012522",2.5,177.5,2012-07-16,443.75
"1012522",2.5,178.2,2012-08-13,445.5
"1012522",2.5,178.5,2012-07-23,446.25
"1012522",2.5,175,2012-05-28,437.5
"1012522",2.5,174.1,2012-05-21,435.25
"1012522",2.5,177.5,2012-07-09,443.75
"1012522",2.5,176.2,2012-06-18,440.5
"1012522",2.5,178.5,2012-07-30,446.25
"1012522",2.5,175,2012-05-14,437.5
"1012522",2.5,176.2,2012-06-11,440.5
"1012522",2.5,178.2,2012-08-06,445.5
"1012522",2.5,176.1,2012-06-04,440.25
"1012522",2.5,176.2,2012-07-02,440.5
"1012522",2.5,176.2,2012-06-25,440.5
"1012522",2.5,177.5,2012-07-16,443.75
"1012522",2.5,178.2,2012-08-13,445.5
"1012522",2.5,178.5,2012-07-23,446.25
"1012522",2.5,175,2012-05-28,437.5
"1012522",2.5,174.1,2012-05-21,435.25
"1012522",2.5,177.5,2012-07-09,443.75
"1012522",2.5,176.2,2012-06-18,440.5
"1012522",2.5,178.5,2012-07-30,446.25
"1012522",2.5,175,2012-05-14,437.5
"1012522",2.5,176.2,2012-06-11,440.5
"1012523",3.5,135.2,2012-07-16,473.2
"1012523",3.5,133.1,2012-08-13,465.85
"1012523",3.5,133.1,2012-08-06,465.85
"1012523",3.5,135.2,2012-06-11,473.2
"1012523",3.5,134,2012-05-21,469
"1012523",3.5,134,2012-05-14,469
"1012523",3.5,135.2,2012-06-18,473.2
"1012523",3.5,133.6,2012-07-30,467.6
"1012523",3.5,134.6,2012-05-28,471.1
"1012523",3.5,135.2,2012-07-09,473.2
"1012523",3.5,135.2,2012-06-25,473.2
"1012523",3.5,133.6,2012-07-23,467.6
"1012523",3.5,135,2012-06-04,472.5
"1012523",3.5,135.2,2012-07-02,473.2
"1012523",3.5,135.2,2012-07-16,473.2
"1012523",3.5,133.1,2012-08-13,465.85
"1012523",3.5,133.1,2012-08-06,465.85
"1012523",3.5,135.2,2012-06-11,473.2
"1012523",3.5,134,2012-05-21,469
"1012523",3.5,134,2012-05-14,469
"1012523",3.5,135.2,2012-06-18,473.2
"1012523",3.5,133.6,2012-07-30,467.6
"1012523",3.5,134.6,2012-05-28,471.1
"1012523",3.5,135.2,2012-07-09,473.2
"1012523",3.5,135.2,2012-06-25,473.2
"1012523",3.5,133.6,2012-07-23,467.6
"1012523",3.5,135,2012-06-04,472.5
"1012523",3.5,135.2,2012-07-02,473.2
"1012524",3.5,180.1,2012-08-06,630.35
"1012524",3.5,180.4,2012-07-30,631.4
"1012524",3.5,178.4,2012-06-25,624.4
"1012524",3.5,187,2012-05-14,654.5
"1012524",3.5,180.1,2012-07-09,630.35
"1012524",3.5,178.4,2012-06-11,624.4
"1012524",3.5,180.1,2012-07-16,630.35
"1012524",3.5,178.4,2012-07-02,624.4
"1012524",3.5,187,2012-05-21,654.5
"1012524",3.5,180.4,2012-07-23,631.4
"1012524",3.5,180.1,2012-08-13,630.35
"1012524",3.5,178.9,2012-05-28,626.15
"1012524",3.5,178,2012-06-04,623
"1012524",3.5,178.4,2012-06-18,624.4
"1012524",3.5,180.1,2012-08-06,630.35
"1012524",3.5,180.4,2012-07-30,631.4
"1012524",3.5,178.4,2012-06-25,624.4
"1012524",3.5,187,2012-05-14,654.5
"1012524",3.5,180.1,2012-07-09,630.35
"1012524",3.5,178.4,2012-06-11,624.4
"1012524",3.5,180.1,2012-07-16,630.35
"1012524",3.5,178.4,2012-07-02,624.4
"1012524",3.5,187,2012-05-21,654.5
"1012524",3.5,180.4,2012-07-23,631.4
"1012524",3.5,180.1,2012-08-13,630.35
"1012524",3.5,178.9,2012-05-28,626.15
"1012524",3.5,178,2012-06-04,623
"1012524",3.5,178.4,2012-06-18,624.4
"1012524",10,180.1,2012-08-06,1801
"1012524",10,180.4,2012-07-30,1804
"1012524",10,178.4,2012-06-25,1784
"1012524",10,187,2012-05-14,1870
"1012524",10,180.1,2012-07-09,1801
"1012524",10,178.4,2012-06-11,1784
"1012524",10,180.1,2012-07-16,1801
"1012524",10,178.4,2012-07-02,1784
"1012524",10,187,2012-05-21,1870
"1012524",10,180.4,2012-07-23,1804
"1012524",10,180.1,2012-08-13,1801
"1012524",10,178.9,2012-05-28,1789
"1012524",10,178,2012-06-04,1780
"1012524",10,178.4,2012-06-18,1784
"1012524",12,180.1,2012-08-06,2161.2
"1012524",12,180.4,2012-07-30,2164.8
"1012524",12,178.4,2012-06-25,2140.8
"1012524",12,187,2012-05-14,2244
"1012524",12,180.1,2012-07-09,2161.2
"1012524",12,178.4,2012-06-11,2140.8
"1012524",12,180.1,2012-07-16,2161.2
"1012524",12,178.4,2012-07-02,2140.8
"1012524",12,187,2012-05-21,2244
"1012524",12,180.4,2012-07-23,2164.8
"1012524",12,180.1,2012-08-13,2161.2
"1012524",12,178.9,2012-05-28,2146.8
"1012524",12,178,2012-06-04,2136
"1012524",12,178.4,2012-06-18,2140.8
"1012525",10,187.8,2012-08-06,1878
"1012525",10,195,2012-07-16,1950
"1012525",10,187.8,2012-08-13,1878
"1012525",10,187,2012-07-30,1870
"1012525",10,194.8,2012-06-11,1948
"1012525",10,195,2012-07-09,1950
"1012525",10,194.4,2012-06-04,1944
"1012525",10,187,2012-07-23,1870
"1012525",10,194.4,2012-05-28,1944
"1012525",10,194.8,2012-06-25,1948
"1012525",10,194.8,2012-07-02,1948
"1012525",10,194.8,2012-06-18,1948
"1012525",10,194,2012-05-14,1940
"1012525",10,194,2012-05-21,1940
"1012525",12,187.8,2012-08-06,2253.6
"1012525",12,195,2012-07-16,2340
"1012525",12,187.8,2012-08-13,2253.6
"1012525",12,187,2012-07-30,2244
"1012525",12,194.8,2012-06-11,2337.6
"1012525",12,195,2012-07-09,2340
"1012525",12,194.4,2012-06-04,2332.8
"1012525",12,187,2012-07-23,2244
"1012525",12,194.4,2012-05-28,2332.8
"1012525",12,194.8,2012-06-25,2337.6
"1012525",12,194.8,2012-07-02,2337.6
"1012525",12,194.8,2012-06-18,2337.6
"1012525",12,194,2012-05-14,2328
"1012525",12,194,2012-05-21,2328
"1012543",3,167.4,2012-08-13,502.2
"1012543",3,167.4,2012-07-16,502.2
"1012543",3,167.4,2012-08-06,502.2
"1012543",3,166.1,2012-07-02,498.3
"1012543",3,167.2,2012-07-30,501.6
"1012543",3,166.1,2012-06-25,498.3
"1012543",3,166,2012-06-04,498
"1012543",3,166.1,2012-06-18,498.3
"1012543",3,167.4,2012-07-09,502.2
"1012543",3,167.2,2012-07-23,501.6
"1012543",3,168,2012-05-21,504
"1012543",3,167.1,2012-05-28,501.3
"1012543",3,166.1,2012-06-11,498.3
"1012543",3,168,2012-05-14,504
"1012544",3,212.5,2012-08-06,637.5
"1012544",3,212.2,2012-06-18,636.6
"1012544",3,213.5,2012-07-16,640.5
"1012544",3,212.7,2012-07-23,638.1
"1012544",3,213.5,2012-07-09,640.5
"1012544",3,212.7,2012-07-30,638.1
"1012544",3,212,2012-05-21,636
"1012544",3,212.5,2012-08-13,637.5
"1012544",3,212.2,2012-06-25,636.6
"1012544",3,212.2,2012-07-02,636.6
"1012544",3,212.4,2012-05-28,637.2
"1012544",3,212.2,2012-06-11,636.6
"1012544",3,212,2012-06-04,636
"1012544",3,212,2012-05-14,636
"1012545",2,121.4,2012-07-23,242.8
"1012545",2,121.1,2012-08-06,242.2
"1012545",2,121.1,2012-08-13,242.2
"1012545",2,123.1,2012-06-25,246.2
"1012545",2,121.4,2012-07-30,242.8
"1012545",2,124,2012-05-14,248
"1012545",2,124,2012-05-21,248
"1012545",2,123,2012-05-28,246
"1012545",2,123.1,2012-06-11,246.2
"1012545",2,120.4,2012-07-16,240.8
"1012545",2,120.4,2012-07-09,240.8
"1012545",2,123.1,2012-07-02,246.2
"1012545",2,123.4,2012-06-04,246.8
"1012545",2,123.1,2012-06-18,246.2
"1012545",2,121.4,2012-07-23,242.8
"1012545",2,121.1,2012-08-06,242.2
"1012545",2,121.1,2012-08-13,242.2
"1012545",2,123.1,2012-06-25,246.2
"1012545",2,121.4,2012-07-30,242.8
"1012545",2,124,2012-05-14,248
"1012545",2,124,2012-05-21,248
"1012545",2,123,2012-05-28,246
"1012545",2,123.1,2012-06-11,246.2
"1012545",2,120.4,2012-07-16,240.8
"1012545",2,120.4,2012-07-09,240.8
"1012545",2,123.1,2012-07-02,246.2
"1012545",2,123.4,2012-06-04,246.8
"1012545",2,123.1,2012-06-18,246.2
"1012546",2,113.1,2012-07-09,226.2
"1012546",2,114.1,2012-06-25,228.2
"1012546",2,114.1,2012-07-02,228.2
"1012546",2,112.5,2012-07-23,225
"1012546",2,112.1,2012-08-06,224.2
"1012546",2,112.1,2012-08-13,224.2
"1012546",2,114.2,2012-05-28,228.4
"1012546",2,114.1,2012-06-11,228.2
"1012546",2,112.5,2012-07-30,225
"1012546",2,114.1,2012-06-18,228.2
"1012546",2,114.5,2012-06-04,229
"1012546",2,112,2012-05-14,224
"1012546",2,113.1,2012-07-16,226.2
"1012546",2,112,2012-05-21,224
"1012546",2,113.1,2012-07-09,226.2
"1012546",2,114.1,2012-06-25,228.2
"1012546",2,114.1,2012-07-02,228.2
"1012546",2,112.5,2012-07-23,225
"1012546",2,112.1,2012-08-06,224.2
"1012546",2,112.1,2012-08-13,224.2
"1012546",2,114.2,2012-05-28,228.4
"1012546",2,114.1,2012-06-11,228.2
"1012546",2,112.5,2012-07-30,225
"1012546",2,114.1,2012-06-18,228.2
"1012546",2,114.5,2012-06-04,229
"1012546",2,112,2012-05-14,224
"1012546",2,113.1,2012-07-16,226.2
"1012546",2,112,2012-05-21,224
"1012553",3,154.2,2012-07-30,462.6
"1012553",3,150.8,2012-07-02,452.4
"1012553",3,150.8,2012-06-25,452.4
"1012553",3,150,2012-05-21,450
"1012553",3,152.8,2012-07-16,458.4
"1012553",3,150.1,2012-05-28,450.3
"1012553",3,154.5,2012-08-06,463.5
"1012553",3,150.8,2012-06-11,452.4
"1012553",3,152.8,2012-07-09,458.4
"1012553",3,150,2012-06-04,450
"1012553",3,150.8,2012-06-18,452.4
"1012553",3,154.5,2012-08-13,463.5
"1012553",3,150,2012-05-14,450
"1012553",3,154.2,2012-07-23,462.6
"1012554",3,150.5,2012-06-04,451.5
"1012554",3,152.8,2012-07-09,458.4
"1012554",3,150.8,2012-07-02,452.4
"1012554",3,152.8,2012-07-16,458.4
"1012554",3,150.8,2012-06-11,452.4
"1012554",3,150.8,2012-06-25,452.4
"1012554",3,154.2,2012-07-30,462.6
"1012554",3,150,2012-05-14,450
"1012554",3,154.2,2012-07-23,462.6
"1012554",3,150,2012-05-21,450
"1012554",3,150.8,2012-06-18,452.4
"1012554",3,154.5,2012-08-06,463.5
"1012554",3,150.1,2012-05-28,450.3
"1012554",3,154.5,2012-08-13,463.5
"1012695",8,374,2012-07-09,2992
"1012695",8,373.2,2012-08-06,2985.6
"1012695",8,370.9,2012-06-18,2967.2
"1012695",8,373.2,2012-08-13,2985.6
"1012695",8,371,2012-05-21,2968
"1012695",8,370.9,2012-06-25,2967.2
"1012695",8,373.5,2012-07-23,2988
"1012695",8,370.9,2012-06-11,2967.2
"1012695",8,370.9,2012-07-02,2967.2
"1012695",8,370.1,2012-05-28,2960.8
"1012695",8,355,2012-05-14,2840
"1012695",8,371,2012-06-04,2968
"1012695",8,373.5,2012-07-30,2988
"1012695",8,374,2012-07-16,2992
"1012695",10,374,2012-07-09,3740
"1012695",10,373.2,2012-08-06,3732
"1012695",10,370.9,2012-06-18,3709
"1012695",10,373.2,2012-08-13,3732
"1012695",10,371,2012-05-21,3710
"1012695",10,370.9,2012-06-25,3709
"1012695",10,373.5,2012-07-23,3735
"1012695",10,370.9,2012-06-11,3709
"1012695",10,370.9,2012-07-02,3709
"1012695",10,370.1,2012-05-28,3701
"1012695",10,355,2012-05-14,3550
"1012695",10,371,2012-06-04,3710
"1012695",10,373.5,2012-07-30,3735
"1012695",10,374,2012-07-16,3740
"1012695",8,374,2012-07-09,2992
"1012695",8,373.2,2012-08-06,2985.6
"1012695",8,370.9,2012-06-18,2967.2
"1012695",8,373.2,2012-08-13,2985.6
"1012695",8,371,2012-05-21,2968
"1012695",8,370.9,2012-06-25,2967.2
"1012695",8,373.5,2012-07-23,2988
"1012695",8,370.9,2012-06-11,2967.2
"1012695",8,370.9,2012-07-02,2967.2
"1012695",8,370.1,2012-05-28,2960.8
"1012695",8,355,2012-05-14,2840
"1012695",8,371,2012-06-04,2968
"1012695",8,373.5,2012-07-30,2988
"1012695",8,374,2012-07-16,2992
"1012695",10,374,2012-07-09,3740
"1012695",10,373.2,2012-08-06,3732
"1012695",10,370.9,2012-06-18,3709
"1012695",10,373.2,2012-08-13,3732
"1012695",10,371,2012-05-21,3710
"1012695",10,370.9,2012-06-25,3709
"1012695",10,373.5,2012-07-23,3735
"1012695",10,370.9,2012-06-11,3709
"1012695",10,370.9,2012-07-02,3709
"1012695",10,370.1,2012-05-28,3701
"1012695",10,355,2012-05-14,3550
"1012695",10,371,2012-06-04,3710
"1012695",10,373.5,2012-07-30,3735
"1012695",10,374,2012-07-16,3740
"1012695",8,374,2012-07-09,2992
"1012695",8,373.2,2012-08-06,2985.6
"1012695",8,370.9,2012-06-18,2967.2
"1012695",8,373.2,2012-08-13,2985.6
"1012695",8,371,2012-05-21,2968
"1012695",8,370.9,2012-06-25,2967.2
"1012695",8,373.5,2012-07-23,2988
"1012695",8,370.9,2012-06-11,2967.2
"1012695",8,370.9,2012-07-02,2967.2
"1012695",8,370.1,2012-05-28,2960.8
"1012695",8,355,2012-05-14,2840
"1012695",8,371,2012-06-04,2968
"1012695",8,373.5,2012-07-30,2988
"1012695",8,374,2012-07-16,2992
"1012695",8,374,2012-07-09,2992
"1012695",8,373.2,2012-08-06,2985.6
"1012695",8,370.9,2012-06-18,2967.2
"1012695",8,373.2,2012-08-13,2985.6
"1012695",8,371,2012-05-21,2968
"1012695",8,370.9,2012-06-25,2967.2
"1012695",8,373.5,2012-07-23,2988
"1012695",8,370.9,2012-06-11,2967.2
"1012695",8,370.9,2012-07-02,2967.2
"1012695",8,370.1,2012-05-28,2960.8
"1012695",8,355,2012-05-14,2840
"1012695",8,371,2012-06-04,2968
"1012695",8,373.5,2012-07-30,2988
"1012695",8,374,2012-07-16,2992
"1012695",8,374,2012-07-09,2992
"1012695",8,373.2,2012-08-06,2985.6
"1012695",8,370.9,2012-06-18,2967.2
"1012695",8,373.2,2012-08-13,2985.6
"1012695",8,371,2012-05-21,2968
"1012695",8,370.9,2012-06-25,2967.2
"1012695",8,373.5,2012-07-23,2988
"1012695",8,370.9,2012-06-11,2967.2
"1012695",8,370.9,2012-07-02,2967.2
"1012695",8,370.1,2012-05-28,2960.8
"1012695",8,355,2012-05-14,2840
"1012695",8,371,2012-06-04,2968
"1012695",8,373.5,2012-07-30,2988
"1012695",8,374,2012-07-16,2992
"1012695",8,374,2012-07-09,2992
"1012695",8,373.2,2012-08-06,2985.6
"1012695",8,370.9,2012-06-18,2967.2
"1012695",8,373.2,2012-08-13,2985.6
"1012695",8,371,2012-05-21,2968
"1012695",8,370.9,2012-06-25,2967.2
"1012695",8,373.5,2012-07-23,2988
"1012695",8,370.9,2012-06-11,2967.2
"1012695",8,370.9,2012-07-02,2967.2
"1012695",8,370.1,2012-05-28,2960.8
"1012695",8,355,2012-05-14,2840
"1012695",8,371,2012-06-04,2968
"1012695",8,373.5,2012-07-30,2988
"1012695",8,374,2012-07-16,2992
"1012695",10,374,2012-07-09,3740
"1012695",10,373.2,2012-08-06,3732
"1012695",10,370.9,2012-06-18,3709
"1012695",10,373.2,2012-08-13,3732
"1012695",10,371,2012-05-21,3710
"1012695",10,370.9,2012-06-25,3709
"1012695",10,373.5,2012-07-23,3735
"1012695",10,370.9,2012-06-11,3709
"1012695",10,370.9,2012-07-02,3709
"1012695",10,370.1,2012-05-28,3701
"1012695",10,355,2012-05-14,3550
"1012695",10,371,2012-06-04,3710
"1012695",10,373.5,2012-07-30,3735
"1012695",10,374,2012-07-16,3740
"1012695",10,374,2012-07-09,3740
"1012695",10,373.2,2012-08-06,3732
"1012695",10,370.9,2012-06-18,3709
"1012695",10,373.2,2012-08-13,3732
"1012695",10,371,2012-05-21,3710
"1012695",10,370.9,2012-06-25,3709
"1012695",10,373.5,2012-07-23,3735
"1012695",10,370.9,2012-06-11,3709
"1012695",10,370.9,2012-07-02,3709
"1012695",10,370.1,2012-05-28,3701
"1012695",10,355,2012-05-14,3550
"1012695",10,371,2012-06-04,3710
"1012695",10,373.5,2012-07-30,3735
"1012695",10,374,2012-07-16,3740
"1012695",8,374,2012-07-09,2992
"1012695",8,373.2,2012-08-06,2985.6
"1012695",8,370.9,2012-06-18,2967.2
"1012695",8,373.2,2012-08-13,2985.6
"1012695",8,371,2012-05-21,2968
"1012695",8,370.9,2012-06-25,2967.2
"1012695",8,373.5,2012-07-23,2988
"1012695",8,370.9,2012-06-11,2967.2
"1012695",8,370.9,2012-07-02,2967.2
"1012695",8,370.1,2012-05-28,2960.8
"1012695",8,355,2012-05-14,2840
"1012695",8,371,2012-06-04,2968
"1012695",8,373.5,2012-07-30,2988
"1012695",8,374,2012-07-16,2992
"1012695",10,374,2012-07-09,3740
"1012695",10,373.2,2012-08-06,3732
"1012695",10,370.9,2012-06-18,3709
"1012695",10,373.2,2012-08-13,3732
"1012695",10,371,2012-05-21,3710
"1012695",10,370.9,2012-06-25,3709
"1012695",10,373.5,2012-07-23,3735
"1012695",10,370.9,2012-06-11,3709
"1012695",10,370.9,2012-07-02,3709
"1012695",10,370.1,2012-05-28,3701
"1012695",10,355,2012-05-14,3550
"1012695",10,371,2012-06-04,3710
"1012695",10,373.5,2012-07-30,3735
"1012695",10,374,2012-07-16,3740
"1012695",8,374,2012-07-09,2992
"1012695",8,373.2,2012-08-06,2985.6
"1012695",8,370.9,2012-06-18,2967.2
"1012695",8,373.2,2012-08-13,2985.6
"1012695",8,371,2012-05-21,2968
"1012695",8,370.9,2012-06-25,2967.2
"1012695",8,373.5,2012-07-23,2988
"1012695",8,370.9,2012-06-11,2967.2
"1012695",8,370.9,2012-07-02,2967.2
"1012695",8,370.1,2012-05-28,2960.8
"1012695",8,355,2012-05-14,2840
"1012695",8,371,2012-06-04,2968
"1012695",8,373.5,2012-07-30,2988
"1012695",8,374,2012-07-16,2992
"1018459",315,653.4,2012-08-06,205821
"1018459",315,655,2012-07-16,206325
"1018459",315,651.2,2012-05-28,205128
"1018459",315,653.4,2012-08-13,205821
"1018459",315,650,2012-05-14,204750
"1018459",315,652,2012-06-11,205380
"1018459",315,653.5,2012-07-30,205852.5
"1018459",315,652.1,2012-06-04,205411.5
"1018459",315,653.5,2012-07-23,205852.5
"1018459",315,655,2012-07-09,206325
"1018459",315,652,2012-06-18,205380
"1018459",315,642,2012-05-21,202230
"1018459",315,652,2012-07-02,205380
"1018459",315,652,2012-06-25,205380
"1018459",315,653.4,2012-08-06,205821
"1018459",315,655,2012-07-16,206325
"1018459",315,651.2,2012-05-28,205128
"1018459",315,653.4,2012-08-13,205821
"1018459",315,650,2012-05-14,204750
"1018459",315,652,2012-06-11,205380
"1018459",315,653.5,2012-07-30,205852.5
"1018459",315,652.1,2012-06-04,205411.5
"1018459",315,653.5,2012-07-23,205852.5
"1018459",315,655,2012-07-09,206325
"1018459",315,652,2012-06-18,205380
"1018459",315,642,2012-05-21,202230
"1018459",315,652,2012-07-02,205380
"1018459",315,652,2012-06-25,205380
"1018459",345,653.4,2012-08-06,225423
"1018459",345,655,2012-07-16,225975
"1018459",345,651.2,2012-05-28,224664
"1018459",345,653.4,2012-08-13,225423
"1018459",345,650,2012-05-14,224250
"1018459",345,652,2012-06-11,224940
"1018459",345,653.5,2012-07-30,225457.5
"1018459",345,652.1,2012-06-04,224974.5
"1018459",345,653.5,2012-07-23,225457.5
"1018459",345,655,2012-07-09,225975
"1018459",345,652,2012-06-18,224940
"1018459",345,642,2012-05-21,221490
"1018459",345,652,2012-07-02,224940
"1018459",345,652,2012-06-25,224940
"1018459",300,653.4,2012-08-06,196020
"1018459",300,655,2012-07-16,196500
"1018459",300,651.2,2012-05-28,195360
"1018459",300,653.4,2012-08-13,196020
"1018459",300,650,2012-05-14,195000
"1018459",300,652,2012-06-11,195600
"1018459",300,653.5,2012-07-30,196050
"1018459",300,652.1,2012-06-04,195630
"1018459",300,653.5,2012-07-23,196050
"1018459",300,655,2012-07-09,196500
"1018459",300,652,2012-06-18,195600
"1018459",300,642,2012-05-21,192600
"1018459",300,652,2012-07-02,195600
"1018459",300,652,2012-06-25,195600
"1018459",355,653.4,2012-08-06,231957
"1018459",355,655,2012-07-16,232525
"1018459",355,651.2,2012-05-28,231176
"1018459",355,653.4,2012-08-13,231957
"1018459",355,650,2012-05-14,230750
"1018459",355,652,2012-06-11,231460
"1018459",355,653.5,2012-07-30,231992.5
"1018459",355,652.1,2012-06-04,231495.5
"1018459",355,653.5,2012-07-23,231992.5
"1018459",355,655,2012-07-09,232525
"1018459",355,652,2012-06-18,231460
"1018459",355,642,2012-05-21,227910
"1018459",355,652,2012-07-02,231460
"1018459",355,652,2012-06-25,231460
"1018459",345,653.4,2012-08-06,225423
"1018459",345,655,2012-07-16,225975
"1018459",345,651.2,2012-05-28,224664
"1018459",345,653.4,2012-08-13,225423
"1018459",345,650,2012-05-14,224250
"1018459",345,652,2012-06-11,224940
"1018459",345,653.5,2012-07-30,225457.5
"1018459",345,652.1,2012-06-04,224974.5
"1018459",345,653.5,2012-07-23,225457.5
"1018459",345,655,2012-07-09,225975
"1018459",345,652,2012-06-18,224940
"1018459",345,642,2012-05-21,221490
"1018459",345,652,2012-07-02,224940
"1018459",345,652,2012-06-25,224940
"1018459",355,653.4,2012-08-06,231957
"1018459",355,655,2012-07-16,232525
"1018459",355,651.2,2012-05-28,231176
"1018459",355,653.4,2012-08-13,231957
"1018459",355,650,2012-05-14,230750
"1018459",355,652,2012-06-11,231460
"1018459",355,653.5,2012-07-30,231992.5
"1018459",355,652.1,2012-06-04,231495.5
"1018459",355,653.5,2012-07-23,231992.5
"1018459",355,655,2012-07-09,232525
"1018459",355,652,2012-06-18,231460
"1018459",355,642,2012-05-21,227910
"1018459",355,652,2012-07-02,231460
"1018459",355,652,2012-06-25,231460
"1018459",315,653.4,2012-08-06,205821
"1018459",315,655,2012-07-16,206325
"1018459",315,651.2,2012-05-28,205128
"1018459",315,653.4,2012-08-13,205821
"1018459",315,650,2012-05-14,204750
"1018459",315,652,2012-06-11,205380
"1018459",315,653.5,2012-07-30,205852.5
"1018459",315,652.1,2012-06-04,205411.5
"1018459",315,653.5,2012-07-23,205852.5
"1018459",315,655,2012-07-09,206325
"1018459",315,652,2012-06-18,205380
"1018459",315,642,2012-05-21,202230
"1018459",315,652,2012-07-02,205380
"1018459",315,652,2012-06-25,205380
"1018459",315,653.4,2012-08-06,205821
"1018459",315,655,2012-07-16,206325
"1018459",315,651.2,2012-05-28,205128
"1018459",315,653.4,2012-08-13,205821
"1018459",315,650,2012-05-14,204750
"1018459",315,652,2012-06-11,205380
"1018459",315,653.5,2012-07-30,205852.5
"1018459",315,652.1,2012-06-04,205411.5
"1018459",315,653.5,2012-07-23,205852.5
"1018459",315,655,2012-07-09,206325
"1018459",315,652,2012-06-18,205380
"1018459",315,642,2012-05-21,202230
"1018459",315,652,2012-07-02,205380
"1018459",315,652,2012-06-25,205380
"1018459",355,653.4,2012-08-06,231957
"1018459",355,655,2012-07-16,232525
"1018459",355,651.2,2012-05-28,231176
"1018459",355,653.4,2012-08-13,231957
"1018459",355,650,2012-05-14,230750
"1018459",355,652,2012-06-11,231460
"1018459",355,653.5,2012-07-30,231992.5
"1018459",355,652.1,2012-06-04,231495.5
"1018459",355,653.5,2012-07-23,231992.5
"1018459",355,655,2012-07-09,232525
"1018459",355,652,2012-06-18,231460
"1018459",355,642,2012-05-21,227910
"1018459",355,652,2012-07-02,231460
"1018459",355,652,2012-06-25,231460
"1018459",355,653.4,2012-08-06,231957
"1018459",355,655,2012-07-16,232525
"1018459",355,651.2,2012-05-28,231176
"1018459",355,653.4,2012-08-13,231957
"1018459",355,650,2012-05-14,230750
"1018459",355,652,2012-06-11,231460
"1018459",355,653.5,2012-07-30,231992.5
"1018459",355,652.1,2012-06-04,231495.5
"1018459",355,653.5,2012-07-23,231992.5
"1018459",355,655,2012-07-09,232525
"1018459",355,652,2012-06-18,231460
"1018459",355,642,2012-05-21,227910
"1018459",355,652,2012-07-02,231460
"1018459",355,652,2012-06-25,231460
"1018459",355,653.4,2012-08-06,231957
"1018459",355,655,2012-07-16,232525
"1018459",355,651.2,2012-05-28,231176
"1018459",355,653.4,2012-08-13,231957
"1018459",355,650,2012-05-14,230750
"1018459",355,652,2012-06-11,231460
"1018459",355,653.5,2012-07-30,231992.5
"1018459",355,652.1,2012-06-04,231495.5
"1018459",355,653.5,2012-07-23,231992.5
"1018459",355,655,2012-07-09,232525
"1018459",355,652,2012-06-18,231460
"1018459",355,642,2012-05-21,227910
"1018459",355,652,2012-07-02,231460
"1018459",355,652,2012-06-25,231460
"1018459",315,653.4,2012-08-06,205821
"1018459",315,655,2012-07-16,206325
"1018459",315,651.2,2012-05-28,205128
"1018459",315,653.4,2012-08-13,205821
"1018459",315,650,2012-05-14,204750
"1018459",315,652,2012-06-11,205380
"1018459",315,653.5,2012-07-30,205852.5
"1018459",315,652.1,2012-06-04,205411.5
"1018459",315,653.5,2012-07-23,205852.5
"1018459",315,655,2012-07-09,206325
"1018459",315,652,2012-06-18,205380
"1018459",315,642,2012-05-21,202230
"1018459",315,652,2012-07-02,205380
"1018459",315,652,2012-06-25,205380
"1018475",55,151.2,2012-05-28,8316
"1018475",55,155,2012-07-09,8525
"1018475",55,150,2012-07-02,8250
"1018475",55,154.7,2012-08-13,8508.5
"1018475",55,155,2012-07-16,8525
"1018475",55,149.8,2012-06-04,8239
"1018475",55,153,2012-05-21,8415
"1018475",55,150,2012-06-18,8250
"1018475",55,152,2012-05-14,8360
"1018475",55,150,2012-06-11,8250
"1018475",55,154.7,2012-08-06,8508.5
"1018475",55,150,2012-06-25,8250
"1018475",55,154.2,2012-07-23,8481
"1018475",55,154.2,2012-07-30,8481
"1018475",55,151.2,2012-05-28,8316
"1018475",55,155,2012-07-09,8525
"1018475",55,150,2012-07-02,8250
"1018475",55,154.7,2012-08-13,8508.5
"1018475",55,155,2012-07-16,8525
"1018475",55,149.8,2012-06-04,8239
"1018475",55,153,2012-05-21,8415
"1018475",55,150,2012-06-18,8250
"1018475",55,152,2012-05-14,8360
"1018475",55,150,2012-06-11,8250
"1018475",55,154.7,2012-08-06,8508.5
"1018475",55,150,2012-06-25,8250
"1018475",55,154.2,2012-07-23,8481
"1018475",55,154.2,2012-07-30,8481
"1018475",55,151.2,2012-05-28,8316
"1018475",55,155,2012-07-09,8525
"1018475",55,150,2012-07-02,8250
"1018475",55,154.7,2012-08-13,8508.5
"1018475",55,155,2012-07-16,8525
"1018475",55,149.8,2012-06-04,8239
"1018475",55,153,2012-05-21,8415
"1018475",55,150,2012-06-18,8250
"1018475",55,152,2012-05-14,8360
"1018475",55,150,2012-06-11,8250
"1018475",55,154.7,2012-08-06,8508.5
"1018475",55,150,2012-06-25,8250
"1018475",55,154.2,2012-07-23,8481
"1018475",55,154.2,2012-07-30,8481
"1018475",55,151.2,2012-05-28,8316
"1018475",55,155,2012-07-09,8525
"1018475",55,150,2012-07-02,8250
"1018475",55,154.7,2012-08-13,8508.5
"1018475",55,155,2012-07-16,8525
"1018475",55,149.8,2012-06-04,8239
"1018475",55,153,2012-05-21,8415
"1018475",55,150,2012-06-18,8250
"1018475",55,152,2012-05-14,8360
"1018475",55,150,2012-06-11,8250
"1018475",55,154.7,2012-08-06,8508.5
"1018475",55,150,2012-06-25,8250
"1018475",55,154.2,2012-07-23,8481
"1018475",55,154.2,2012-07-30,8481
"1018475",55,151.2,2012-05-28,8316
"1018475",55,155,2012-07-09,8525
"1018475",55,150,2012-07-02,8250
"1018475",55,154.7,2012-08-13,8508.5
"1018475",55,155,2012-07-16,8525
"1018475",55,149.8,2012-06-04,8239
"1018475",55,153,2012-05-21,8415
"1018475",55,150,2012-06-18,8250
"1018475",55,152,2012-05-14,8360
"1018475",55,150,2012-06-11,8250
"1018475",55,154.7,2012-08-06,8508.5
"1018475",55,150,2012-06-25,8250
"1018475",55,154.2,2012-07-23,8481
"1018475",55,154.2,2012-07-30,8481
"1018475",55,151.2,2012-05-28,8316
"1018475",55,155,2012-07-09,8525
"1018475",55,150,2012-07-02,8250
"1018475",55,154.7,2012-08-13,8508.5
"1018475",55,155,2012-07-16,8525
"1018475",55,149.8,2012-06-04,8239
"1018475",55,153,2012-05-21,8415
"1018475",55,150,2012-06-18,8250
"1018475",55,152,2012-05-14,8360
"1018475",55,150,2012-06-11,8250
"1018475",55,154.7,2012-08-06,8508.5
"1018475",55,150,2012-06-25,8250
"1018475",55,154.2,2012-07-23,8481
"1018475",55,154.2,2012-07-30,8481
"1018475",55,151.2,2012-05-28,8316
"1018475",55,155,2012-07-09,8525
"1018475",55,150,2012-07-02,8250
"1018475",55,154.7,2012-08-13,8508.5
"1018475",55,155,2012-07-16,8525
"1018475",55,149.8,2012-06-04,8239
"1018475",55,153,2012-05-21,8415
"1018475",55,150,2012-06-18,8250
"1018475",55,152,2012-05-14,8360
"1018475",55,150,2012-06-11,8250
"1018475",55,154.7,2012-08-06,8508.5
"1018475",55,150,2012-06-25,8250
"1018475",55,154.2,2012-07-23,8481
"1018475",55,154.2,2012-07-30,8481
"1018475",55,151.2,2012-05-28,8316
"1018475",55,155,2012-07-09,8525
"1018475",55,150,2012-07-02,8250
"1018475",55,154.7,2012-08-13,8508.5
"1018475",55,155,2012-07-16,8525
"1018475",55,149.8,2012-06-04,8239
"1018475",55,153,2012-05-21,8415
"1018475",55,150,2012-06-18,8250
"1018475",55,152,2012-05-14,8360
"1018475",55,150,2012-06-11,8250
"1018475",55,154.7,2012-08-06,8508.5
"1018475",55,150,2012-06-25,8250
"1018475",55,154.2,2012-07-23,8481
"1018475",55,154.2,2012-07-30,8481
"1018475",55,151.2,2012-05-28,8316
"1018475",55,155,2012-07-09,8525
"1018475",55,150,2012-07-02,8250
"1018475",55,154.7,2012-08-13,8508.5
"1018475",55,155,2012-07-16,8525
"1018475",55,149.8,2012-06-04,8239
"1018475",55,153,2012-05-21,8415
"1018475",55,150,2012-06-18,8250
"1018475",55,152,2012-05-14,8360
"1018475",55,150,2012-06-11,8250
"1018475",55,154.7,2012-08-06,8508.5
"1018475",55,150,2012-06-25,8250
"1018475",55,154.2,2012-07-23,8481
"1018475",55,154.2,2012-07-30,8481
"1018477",180,225,2012-07-16,40500
"1018477",180,222.1,2012-08-13,39978
"1018477",180,219,2012-06-11,39420
"1018477",180,219,2012-07-02,39420
"1018477",180,222.1,2012-08-06,39978
"1018477",180,220,2012-05-21,39600
"1018477",180,222,2012-07-23,39960
"1018477",180,215,2012-05-14,38700
"1018477",180,219,2012-06-25,39420
"1018477",180,221,2012-05-28,39780
"1018477",180,222,2012-07-30,39960
"1018477",180,219,2012-06-18,39420
"1018477",180,225,2012-07-09,40500
"1018477",180,219.5,2012-06-04,39510
"1018477",180,225,2012-07-16,40500
"1018477",180,222.1,2012-08-13,39978
"1018477",180,219,2012-06-11,39420
"1018477",180,219,2012-07-02,39420
"1018477",180,222.1,2012-08-06,39978
"1018477",180,220,2012-05-21,39600
"1018477",180,222,2012-07-23,39960
"1018477",180,215,2012-05-14,38700
"1018477",180,219,2012-06-25,39420
"1018477",180,221,2012-05-28,39780
"1018477",180,222,2012-07-30,39960
"1018477",180,219,2012-06-18,39420
"1018477",180,225,2012-07-09,40500
"1018477",180,219.5,2012-06-04,39510
"1018477",180,225,2012-07-16,40500
"1018477",180,222.1,2012-08-13,39978
"1018477",180,219,2012-06-11,39420
"1018477",180,219,2012-07-02,39420
"1018477",180,222.1,2012-08-06,39978
"1018477",180,220,2012-05-21,39600
"1018477",180,222,2012-07-23,39960
"1018477",180,215,2012-05-14,38700
"1018477",180,219,2012-06-25,39420
"1018477",180,221,2012-05-28,39780
"1018477",180,222,2012-07-30,39960
"1018477",180,219,2012-06-18,39420
"1018477",180,225,2012-07-09,40500
"1018477",180,219.5,2012-06-04,39510
"1018477",180,225,2012-07-16,40500
"1018477",180,222.1,2012-08-13,39978
"1018477",180,219,2012-06-11,39420
"1018477",180,219,2012-07-02,39420
"1018477",180,222.1,2012-08-06,39978
"1018477",180,220,2012-05-21,39600
"1018477",180,222,2012-07-23,39960
"1018477",180,215,2012-05-14,38700
"1018477",180,219,2012-06-25,39420
"1018477",180,221,2012-05-28,39780
"1018477",180,222,2012-07-30,39960
"1018477",180,219,2012-06-18,39420
"1018477",180,225,2012-07-09,40500
"1018477",180,219.5,2012-06-04,39510
"1018477",180,225,2012-07-16,40500
"1018477",180,222.1,2012-08-13,39978
"1018477",180,219,2012-06-11,39420
"1018477",180,219,2012-07-02,39420
"1018477",180,222.1,2012-08-06,39978
"1018477",180,220,2012-05-21,39600
"1018477",180,222,2012-07-23,39960
"1018477",180,215,2012-05-14,38700
"1018477",180,219,2012-06-25,39420
"1018477",180,221,2012-05-28,39780
"1018477",180,222,2012-07-30,39960
"1018477",180,219,2012-06-18,39420
"1018477",180,225,2012-07-09,40500
"1018477",180,219.5,2012-06-04,39510
"1018477",180,225,2012-07-16,40500
"1018477",180,222.1,2012-08-13,39978
"1018477",180,219,2012-06-11,39420
"1018477",180,219,2012-07-02,39420
"1018477",180,222.1,2012-08-06,39978
"1018477",180,220,2012-05-21,39600
"1018477",180,222,2012-07-23,39960
"1018477",180,215,2012-05-14,38700
"1018477",180,219,2012-06-25,39420
"1018477",180,221,2012-05-28,39780
"1018477",180,222,2012-07-30,39960
"1018477",180,219,2012-06-18,39420
"1018477",180,225,2012-07-09,40500
"1018477",180,219.5,2012-06-04,39510
"1018477",180,225,2012-07-16,40500
"1018477",180,222.1,2012-08-13,39978
"1018477",180,219,2012-06-11,39420
"1018477",180,219,2012-07-02,39420
"1018477",180,222.1,2012-08-06,39978
"1018477",180,220,2012-05-21,39600
"1018477",180,222,2012-07-23,39960
"1018477",180,215,2012-05-14,38700
"1018477",180,219,2012-06-25,39420
"1018477",180,221,2012-05-28,39780
"1018477",180,222,2012-07-30,39960
"1018477",180,219,2012-06-18,39420
"1018477",180,225,2012-07-09,40500
"1018477",180,219.5,2012-06-04,39510
"1018477",180,225,2012-07-16,40500
"1018477",180,222.1,2012-08-13,39978
"1018477",180,219,2012-06-11,39420
"1018477",180,219,2012-07-02,39420
"1018477",180,222.1,2012-08-06,39978
"1018477",180,220,2012-05-21,39600
"1018477",180,222,2012-07-23,39960
"1018477",180,215,2012-05-14,38700
"1018477",180,219,2012-06-25,39420
"1018477",180,221,2012-05-28,39780
"1018477",180,222,2012-07-30,39960
"1018477",180,219,2012-06-18,39420
"1018477",180,225,2012-07-09,40500
"1018477",180,219.5,2012-06-04,39510
"1018477",180,225,2012-07-16,40500
"1018477",180,222.1,2012-08-13,39978
"1018477",180,219,2012-06-11,39420
"1018477",180,219,2012-07-02,39420
"1018477",180,222.1,2012-08-06,39978
"1018477",180,220,2012-05-21,39600
"1018477",180,222,2012-07-23,39960
"1018477",180,215,2012-05-14,38700
"1018477",180,219,2012-06-25,39420
"1018477",180,221,2012-05-28,39780
"1018477",180,222,2012-07-30,39960
"1018477",180,219,2012-06-18,39420
"1018477",180,225,2012-07-09,40500
"1018477",180,219.5,2012-06-04,39510
"1018477",180,225,2012-07-16,40500
"1018477",180,222.1,2012-08-13,39978
"1018477",180,219,2012-06-11,39420
"1018477",180,219,2012-07-02,39420
"1018477",180,222.1,2012-08-06,39978
"1018477",180,220,2012-05-21,39600
"1018477",180,222,2012-07-23,39960
"1018477",180,215,2012-05-14,38700
"1018477",180,219,2012-06-25,39420
"1018477",180,221,2012-05-28,39780
"1018477",180,222,2012-07-30,39960
"1018477",180,219,2012-06-18,39420
"1018477",180,225,2012-07-09,40500
"1018477",180,219.5,2012-06-04,39510
"1018477",180,225,2012-07-16,40500
"1018477",180,222.1,2012-08-13,39978
"1018477",180,219,2012-06-11,39420
"1018477",180,219,2012-07-02,39420
"1018477",180,222.1,2012-08-06,39978
"1018477",180,220,2012-05-21,39600
"1018477",180,222,2012-07-23,39960
"1018477",180,215,2012-05-14,38700
"1018477",180,219,2012-06-25,39420
"1018477",180,221,2012-05-28,39780
"1018477",180,222,2012-07-30,39960
"1018477",180,219,2012-06-18,39420
"1018477",180,225,2012-07-09,40500
"1018477",180,219.5,2012-06-04,39510
"1018477",180,225,2012-07-16,40500
"1018477",180,222.1,2012-08-13,39978
"1018477",180,219,2012-06-11,39420
"1018477",180,219,2012-07-02,39420
"1018477",180,222.1,2012-08-06,39978
"1018477",180,220,2012-05-21,39600
"1018477",180,222,2012-07-23,39960
"1018477",180,215,2012-05-14,38700
"1018477",180,219,2012-06-25,39420
"1018477",180,221,2012-05-28,39780
"1018477",180,222,2012-07-30,39960
"1018477",180,219,2012-06-18,39420
"1018477",180,225,2012-07-09,40500
"1018477",180,219.5,2012-06-04,39510
"1018477",180,225,2012-07-16,40500
"1018477",180,222.1,2012-08-13,39978
"1018477",180,219,2012-06-11,39420
"1018477",180,219,2012-07-02,39420
"1018477",180,222.1,2012-08-06,39978
"1018477",180,220,2012-05-21,39600
"1018477",180,222,2012-07-23,39960
"1018477",180,215,2012-05-14,38700
"1018477",180,219,2012-06-25,39420
"1018477",180,221,2012-05-28,39780
"1018477",180,222,2012-07-30,39960
"1018477",180,219,2012-06-18,39420
"1018477",180,225,2012-07-09,40500
"1018477",180,219.5,2012-06-04,39510
"1018485",55,115,2012-05-14,6325
"1018485",55,117.2,2012-06-25,6446
"1018485",55,118,2012-07-16,6490
"1018485",55,117.5,2012-07-30,6462.5
"1018485",55,115.1,2012-05-21,6330.5
"1018485",55,116,2012-05-28,6380
"1018485",55,117.7,2012-08-06,6473.5
"1018485",55,117.2,2012-06-18,6446
"1018485",55,117.2,2012-07-02,6446
"1018485",55,117.1,2012-06-04,6440.5
"1018485",55,117.5,2012-07-23,6462.5
"1018485",55,117.2,2012-06-11,6446
"1018485",55,117.7,2012-08-13,6473.5
"1018485",55,118,2012-07-09,6490
"1018485",55,115,2012-05-14,6325
"1018485",55,117.2,2012-06-25,6446
"1018485",55,118,2012-07-16,6490
"1018485",55,117.5,2012-07-30,6462.5
"1018485",55,115.1,2012-05-21,6330.5
"1018485",55,116,2012-05-28,6380
"1018485",55,117.7,2012-08-06,6473.5
"1018485",55,117.2,2012-06-18,6446
"1018485",55,117.2,2012-07-02,6446
"1018485",55,117.1,2012-06-04,6440.5
"1018485",55,117.5,2012-07-23,6462.5
"1018485",55,117.2,2012-06-11,6446
"1018485",55,117.7,2012-08-13,6473.5
"1018485",55,118,2012-07-09,6490
"1018485",100,115,2012-05-14,11500
"1018485",100,117.2,2012-06-25,11720
"1018485",100,118,2012-07-16,11800
"1018485",100,117.5,2012-07-30,11750
"1018485",100,115.1,2012-05-21,11510
"1018485",100,116,2012-05-28,11600
"1018485",100,117.7,2012-08-06,11770
"1018485",100,117.2,2012-06-18,11720
"1018485",100,117.2,2012-07-02,11720
"1018485",100,117.1,2012-06-04,11710
"1018485",100,117.5,2012-07-23,11750
"1018485",100,117.2,2012-06-11,11720
"1018485",100,117.7,2012-08-13,11770
"1018485",100,118,2012-07-09,11800
"1018485",55,115,2012-05-14,6325
"1018485",55,117.2,2012-06-25,6446
"1018485",55,118,2012-07-16,6490
"1018485",55,117.5,2012-07-30,6462.5
"1018485",55,115.1,2012-05-21,6330.5
"1018485",55,116,2012-05-28,6380
"1018485",55,117.7,2012-08-06,6473.5
"1018485",55,117.2,2012-06-18,6446
"1018485",55,117.2,2012-07-02,6446
"1018485",55,117.1,2012-06-04,6440.5
"1018485",55,117.5,2012-07-23,6462.5
"1018485",55,117.2,2012-06-11,6446
"1018485",55,117.7,2012-08-13,6473.5
"1018485",55,118,2012-07-09,6490
"1018487",120,524,2012-05-14,62880
"1018487",120,529.4,2012-07-23,63528
"1018487",120,523.9,2012-06-04,62868
"1018487",120,523.1,2012-05-28,62772
"1018487",120,529.1,2012-08-13,63492
"1018487",120,529.4,2012-07-30,63528
"1018487",120,530.7,2012-07-16,63684
"1018487",120,530.7,2012-07-09,63684
"1018487",120,524,2012-05-21,62880
"1018487",120,524.1,2012-06-11,62892
"1018487",120,524.1,2012-06-18,62892
"1018487",120,524.1,2012-06-25,62892
"1018487",120,529.1,2012-08-06,63492
"1018487",120,524.1,2012-07-02,62892
"1018487",120,524,2012-05-14,62880
"1018487",120,529.4,2012-07-23,63528
"1018487",120,523.9,2012-06-04,62868
"1018487",120,523.1,2012-05-28,62772
"1018487",120,529.1,2012-08-13,63492
"1018487",120,529.4,2012-07-30,63528
"1018487",120,530.7,2012-07-16,63684
"1018487",120,530.7,2012-07-09,63684
"1018487",120,524,2012-05-21,62880
"1018487",120,524.1,2012-06-11,62892
"1018487",120,524.1,2012-06-18,62892
"1018487",120,524.1,2012-06-25,62892
"1018487",120,529.1,2012-08-06,63492
"1018487",120,524.1,2012-07-02,62892
"1018487",120,524,2012-05-14,62880
"1018487",120,529.4,2012-07-23,63528
"1018487",120,523.9,2012-06-04,62868
"1018487",120,523.1,2012-05-28,62772
"1018487",120,529.1,2012-08-13,63492
"1018487",120,529.4,2012-07-30,63528
"1018487",120,530.7,2012-07-16,63684
"1018487",120,530.7,2012-07-09,63684
"1018487",120,524,2012-05-21,62880
"1018487",120,524.1,2012-06-11,62892
"1018487",120,524.1,2012-06-18,62892
"1018487",120,524.1,2012-06-25,62892
"1018487",120,529.1,2012-08-06,63492
"1018487",120,524.1,2012-07-02,62892
"1018488",30,152,2012-05-21,4560
"1018488",30,151.1,2012-07-30,4533
"1018488",30,153.1,2012-06-18,4593
"1018488",30,153,2012-06-04,4590
"1018488",30,155.1,2012-07-16,4653
"1018488",30,153.1,2012-06-11,4593
"1018488",30,153.1,2012-07-02,4593
"1018488",30,153.1,2012-06-25,4593
"1018488",30,151.1,2012-07-23,4533
"1018488",30,151.9,2012-08-06,4557
"1018488",30,153.4,2012-05-28,4602
"1018488",30,152,2012-05-14,4560
"1018488",30,151.9,2012-08-13,4557
"1018488",30,155.1,2012-07-09,4653
"1018488",30,152,2012-05-21,4560
"1018488",30,151.1,2012-07-30,4533
"1018488",30,153.1,2012-06-18,4593
"1018488",30,153,2012-06-04,4590
"1018488",30,155.1,2012-07-16,4653
"1018488",30,153.1,2012-06-11,4593
"1018488",30,153.1,2012-07-02,4593
"1018488",30,153.1,2012-06-25,4593
"1018488",30,151.1,2012-07-23,4533
"1018488",30,151.9,2012-08-06,4557
"1018488",30,153.4,2012-05-28,4602
"1018488",30,152,2012-05-14,4560
"1018488",30,151.9,2012-08-13,4557
"1018488",30,155.1,2012-07-09,4653
"1018488",30,152,2012-05-21,4560
"1018488",30,151.1,2012-07-30,4533
"1018488",30,153.1,2012-06-18,4593
"1018488",30,153,2012-06-04,4590
"1018488",30,155.1,2012-07-16,4653
"1018488",30,153.1,2012-06-11,4593
"1018488",30,153.1,2012-07-02,4593
"1018488",30,153.1,2012-06-25,4593
"1018488",30,151.1,2012-07-23,4533
"1018488",30,151.9,2012-08-06,4557
"1018488",30,153.4,2012-05-28,4602
"1018488",30,152,2012-05-14,4560
"1018488",30,151.9,2012-08-13,4557
"1018488",30,155.1,2012-07-09,4653
"1018488",30,152,2012-05-21,4560
"1018488",30,151.1,2012-07-30,4533
"1018488",30,153.1,2012-06-18,4593
"1018488",30,153,2012-06-04,4590
"1018488",30,155.1,2012-07-16,4653
"1018488",30,153.1,2012-06-11,4593
"1018488",30,153.1,2012-07-02,4593
"1018488",30,153.1,2012-06-25,4593
"1018488",30,151.1,2012-07-23,4533
"1018488",30,151.9,2012-08-06,4557
"1018488",30,153.4,2012-05-28,4602
"1018488",30,152,2012-05-14,4560
"1018488",30,151.9,2012-08-13,4557
"1018488",30,155.1,2012-07-09,4653
"1018488",30,152,2012-05-21,4560
"1018488",30,151.1,2012-07-30,4533
"1018488",30,153.1,2012-06-18,4593
"1018488",30,153,2012-06-04,4590
"1018488",30,155.1,2012-07-16,4653
"1018488",30,153.1,2012-06-11,4593
"1018488",30,153.1,2012-07-02,4593
"1018488",30,153.1,2012-06-25,4593
"1018488",30,151.1,2012-07-23,4533
"1018488",30,151.9,2012-08-06,4557
"1018488",30,153.4,2012-05-28,4602
"1018488",30,152,2012-05-14,4560
"1018488",30,151.9,2012-08-13,4557
"1018488",30,155.1,2012-07-09,4653
"1018488",30,152,2012-05-21,4560
"1018488",30,151.1,2012-07-30,4533
"1018488",30,153.1,2012-06-18,4593
"1018488",30,153,2012-06-04,4590
"1018488",30,155.1,2012-07-16,4653
"1018488",30,153.1,2012-06-11,4593
"1018488",30,153.1,2012-07-02,4593
"1018488",30,153.1,2012-06-25,4593
"1018488",30,151.1,2012-07-23,4533
"1018488",30,151.9,2012-08-06,4557
"1018488",30,153.4,2012-05-28,4602
"1018488",30,152,2012-05-14,4560
"1018488",30,151.9,2012-08-13,4557
"1018488",30,155.1,2012-07-09,4653
"1018488",30,152,2012-05-21,4560
"1018488",30,151.1,2012-07-30,4533
"1018488",30,153.1,2012-06-18,4593
"1018488",30,153,2012-06-04,4590
"1018488",30,155.1,2012-07-16,4653
"1018488",30,153.1,2012-06-11,4593
"1018488",30,153.1,2012-07-02,4593
"1018488",30,153.1,2012-06-25,4593
"1018488",30,151.1,2012-07-23,4533
"1018488",30,151.9,2012-08-06,4557
"1018488",30,153.4,2012-05-28,4602
"1018488",30,152,2012-05-14,4560
"1018488",30,151.9,2012-08-13,4557
"1018488",30,155.1,2012-07-09,4653
"1018488",30,152,2012-05-21,4560
"1018488",30,151.1,2012-07-30,4533
"1018488",30,153.1,2012-06-18,4593
"1018488",30,153,2012-06-04,4590
"1018488",30,155.1,2012-07-16,4653
"1018488",30,153.1,2012-06-11,4593
"1018488",30,153.1,2012-07-02,4593
"1018488",30,153.1,2012-06-25,4593
"1018488",30,151.1,2012-07-23,4533
"1018488",30,151.9,2012-08-06,4557
"1018488",30,153.4,2012-05-28,4602
"1018488",30,152,2012-05-14,4560
"1018488",30,151.9,2012-08-13,4557
"1018488",30,155.1,2012-07-09,4653
"1018488",30,152,2012-05-21,4560
"1018488",30,151.1,2012-07-30,4533
"1018488",30,153.1,2012-06-18,4593
"1018488",30,153,2012-06-04,4590
"1018488",30,155.1,2012-07-16,4653
"1018488",30,153.1,2012-06-11,4593
"1018488",30,153.1,2012-07-02,4593
"1018488",30,153.1,2012-06-25,4593
"1018488",30,151.1,2012-07-23,4533
"1018488",30,151.9,2012-08-06,4557
"1018488",30,153.4,2012-05-28,4602
"1018488",30,152,2012-05-14,4560
"1018488",30,151.9,2012-08-13,4557
"1018488",30,155.1,2012-07-09,4653
"1018488",30,152,2012-05-21,4560
"1018488",30,151.1,2012-07-30,4533
"1018488",30,153.1,2012-06-18,4593
"1018488",30,153,2012-06-04,4590
"1018488",30,155.1,2012-07-16,4653
"1018488",30,153.1,2012-06-11,4593
"1018488",30,153.1,2012-07-02,4593
"1018488",30,153.1,2012-06-25,4593
"1018488",30,151.1,2012-07-23,4533
"1018488",30,151.9,2012-08-06,4557
"1018488",30,153.4,2012-05-28,4602
"1018488",30,152,2012-05-14,4560
"1018488",30,151.9,2012-08-13,4557
"1018488",30,155.1,2012-07-09,4653
"1018488",30,152,2012-05-21,4560
"1018488",30,151.1,2012-07-30,4533
"1018488",30,153.1,2012-06-18,4593
"1018488",30,153,2012-06-04,4590
"1018488",30,155.1,2012-07-16,4653
"1018488",30,153.1,2012-06-11,4593
"1018488",30,153.1,2012-07-02,4593
"1018488",30,153.1,2012-06-25,4593
"1018488",30,151.1,2012-07-23,4533
"1018488",30,151.9,2012-08-06,4557
"1018488",30,153.4,2012-05-28,4602
"1018488",30,152,2012-05-14,4560
"1018488",30,151.9,2012-08-13,4557
"1018488",30,155.1,2012-07-09,4653
"1018488",30,152,2012-05-21,4560
"1018488",30,151.1,2012-07-30,4533
"1018488",30,153.1,2012-06-18,4593
"1018488",30,153,2012-06-04,4590
"1018488",30,155.1,2012-07-16,4653
"1018488",30,153.1,2012-06-11,4593
"1018488",30,153.1,2012-07-02,4593
"1018488",30,153.1,2012-06-25,4593
"1018488",30,151.1,2012-07-23,4533
"1018488",30,151.9,2012-08-06,4557
"1018488",30,153.4,2012-05-28,4602
"1018488",30,152,2012-05-14,4560
"1018488",30,151.9,2012-08-13,4557
"1018488",30,155.1,2012-07-09,4653
"1018488",30,152,2012-05-21,4560
"1018488",30,151.1,2012-07-30,4533
"1018488",30,153.1,2012-06-18,4593
"1018488",30,153,2012-06-04,4590
"1018488",30,155.1,2012-07-16,4653
"1018488",30,153.1,2012-06-11,4593
"1018488",30,153.1,2012-07-02,4593
"1018488",30,153.1,2012-06-25,4593
"1018488",30,151.1,2012-07-23,4533
"1018488",30,151.9,2012-08-06,4557
"1018488",30,153.4,2012-05-28,4602
"1018488",30,152,2012-05-14,4560
"1018488",30,151.9,2012-08-13,4557
"1018488",30,155.1,2012-07-09,4653
"1018497",120,450.8,2012-07-09,54096
"1018497",120,451.4,2012-06-25,54168
"1018497",120,451.1,2012-06-04,54132
"1018497",120,452,2012-05-21,54240
"1018497",120,451.4,2012-07-02,54168
"1018497",120,451.4,2012-06-11,54168
"1018497",120,451.2,2012-05-28,54144
"1018497",120,450.3,2012-08-06,54036
"1018497",120,451.4,2012-06-18,54168
"1018497",120,450.8,2012-07-16,54096
"1018497",120,450.1,2012-07-30,54012
"1018497",120,452,2012-05-14,54240
"1018497",120,450.1,2012-07-23,54012
"1018497",120,450.3,2012-08-13,54036
"1018497",120,450.8,2012-07-09,54096
"1018497",120,451.4,2012-06-25,54168
"1018497",120,451.1,2012-06-04,54132
"1018497",120,452,2012-05-21,54240
"1018497",120,451.4,2012-07-02,54168
"1018497",120,451.4,2012-06-11,54168
"1018497",120,451.2,2012-05-28,54144
"1018497",120,450.3,2012-08-06,54036
"1018497",120,451.4,2012-06-18,54168
"1018497",120,450.8,2012-07-16,54096
"1018497",120,450.1,2012-07-30,54012
"1018497",120,452,2012-05-14,54240
"1018497",120,450.1,2012-07-23,54012
"1018497",120,450.3,2012-08-13,54036
"1018497",120,450.8,2012-07-09,54096
"1018497",120,451.4,2012-06-25,54168
"1018497",120,451.1,2012-06-04,54132
"1018497",120,452,2012-05-21,54240
"1018497",120,451.4,2012-07-02,54168
"1018497",120,451.4,2012-06-11,54168
"1018497",120,451.2,2012-05-28,54144
"1018497",120,450.3,2012-08-06,54036
"1018497",120,451.4,2012-06-18,54168
"1018497",120,450.8,2012-07-16,54096
"1018497",120,450.1,2012-07-30,54012
"1018497",120,452,2012-05-14,54240
"1018497",120,450.1,2012-07-23,54012
"1018497",120,450.3,2012-08-13,54036
"1018497",120,450.8,2012-07-09,54096
"1018497",120,451.4,2012-06-25,54168
"1018497",120,451.1,2012-06-04,54132
"1018497",120,452,2012-05-21,54240
"1018497",120,451.4,2012-07-02,54168
"1018497",120,451.4,2012-06-11,54168
"1018497",120,451.2,2012-05-28,54144
"1018497",120,450.3,2012-08-06,54036
"1018497",120,451.4,2012-06-18,54168
"1018497",120,450.8,2012-07-16,54096
"1018497",120,450.1,2012-07-30,54012
"1018497",120,452,2012-05-14,54240
"1018497",120,450.1,2012-07-23,54012
"1018497",120,450.3,2012-08-13,54036
"1018497",120,450.8,2012-07-09,54096
"1018497",120,451.4,2012-06-25,54168
"1018497",120,451.1,2012-06-04,54132
"1018497",120,452,2012-05-21,54240
"1018497",120,451.4,2012-07-02,54168
"1018497",120,451.4,2012-06-11,54168
"1018497",120,451.2,2012-05-28,54144
"1018497",120,450.3,2012-08-06,54036
"1018497",120,451.4,2012-06-18,54168
"1018497",120,450.8,2012-07-16,54096
"1018497",120,450.1,2012-07-30,54012
"1018497",120,452,2012-05-14,54240
"1018497",120,450.1,2012-07-23,54012
"1018497",120,450.3,2012-08-13,54036
"1018497",120,450.8,2012-07-09,54096
"1018497",120,451.4,2012-06-25,54168
"1018497",120,451.1,2012-06-04,54132
"1018497",120,452,2012-05-21,54240
"1018497",120,451.4,2012-07-02,54168
"1018497",120,451.4,2012-06-11,54168
"1018497",120,451.2,2012-05-28,54144
"1018497",120,450.3,2012-08-06,54036
"1018497",120,451.4,2012-06-18,54168
"1018497",120,450.8,2012-07-16,54096
"1018497",120,450.1,2012-07-30,54012
"1018497",120,452,2012-05-14,54240
"1018497",120,450.1,2012-07-23,54012
"1018497",120,450.3,2012-08-13,54036
"1018497",120,450.8,2012-07-09,54096
"1018497",120,451.4,2012-06-25,54168
"1018497",120,451.1,2012-06-04,54132
"1018497",120,452,2012-05-21,54240
"1018497",120,451.4,2012-07-02,54168
"1018497",120,451.4,2012-06-11,54168
"1018497",120,451.2,2012-05-28,54144
"1018497",120,450.3,2012-08-06,54036
"1018497",120,451.4,2012-06-18,54168
"1018497",120,450.8,2012-07-16,54096
"1018497",120,450.1,2012-07-30,54012
"1018497",120,452,2012-05-14,54240
"1018497",120,450.1,2012-07-23,54012
"1018497",120,450.3,2012-08-13,54036
"1018497",120,450.8,2012-07-09,54096
"1018497",120,451.4,2012-06-25,54168
"1018497",120,451.1,2012-06-04,54132
"1018497",120,452,2012-05-21,54240
"1018497",120,451.4,2012-07-02,54168
"1018497",120,451.4,2012-06-11,54168
"1018497",120,451.2,2012-05-28,54144
"1018497",120,450.3,2012-08-06,54036
"1018497",120,451.4,2012-06-18,54168
"1018497",120,450.8,2012-07-16,54096
"1018497",120,450.1,2012-07-30,54012
"1018497",120,452,2012-05-14,54240
"1018497",120,450.1,2012-07-23,54012
"1018497",120,450.3,2012-08-13,54036
"1018497",120,450.8,2012-07-09,54096
"1018497",120,451.4,2012-06-25,54168
"1018497",120,451.1,2012-06-04,54132
"1018497",120,452,2012-05-21,54240
"1018497",120,451.4,2012-07-02,54168
"1018497",120,451.4,2012-06-11,54168
"1018497",120,451.2,2012-05-28,54144
"1018497",120,450.3,2012-08-06,54036
"1018497",120,451.4,2012-06-18,54168
"1018497",120,450.8,2012-07-16,54096
"1018497",120,450.1,2012-07-30,54012
"1018497",120,452,2012-05-14,54240
"1018497",120,450.1,2012-07-23,54012
"1018497",120,450.3,2012-08-13,54036
"1018497",120,450.8,2012-07-09,54096
"1018497",120,451.4,2012-06-25,54168
"1018497",120,451.1,2012-06-04,54132
"1018497",120,452,2012-05-21,54240
"1018497",120,451.4,2012-07-02,54168
"1018497",120,451.4,2012-06-11,54168
"1018497",120,451.2,2012-05-28,54144
"1018497",120,450.3,2012-08-06,54036
"1018497",120,451.4,2012-06-18,54168
"1018497",120,450.8,2012-07-16,54096
"1018497",120,450.1,2012-07-30,54012
"1018497",120,452,2012-05-14,54240
"1018497",120,450.1,2012-07-23,54012
"1018497",120,450.3,2012-08-13,54036
"1018784",100,192.1,2012-06-25,19210
"1018784",100,192.9,2012-08-13,19290
"1018784",100,192.1,2012-06-11,19210
"1018784",100,192.1,2012-07-02,19210
"1018784",100,192.4,2012-07-23,19240
"1018784",100,192.9,2012-08-06,19290
"1018784",100,191.5,2012-05-28,19150
"1018784",100,192,2012-06-04,19200
"1018784",100,192.1,2012-06-18,19210
"1018784",100,193.4,2012-07-09,19340
"1018784",100,191,2012-05-14,19100
"1018784",100,193.4,2012-07-16,19340
"1018784",100,191,2012-05-21,19100
"1018784",100,192.4,2012-07-30,19240
"1018784",100,192.1,2012-06-25,19210
"1018784",100,192.9,2012-08-13,19290
"1018784",100,192.1,2012-06-11,19210
"1018784",100,192.1,2012-07-02,19210
"1018784",100,192.4,2012-07-23,19240
"1018784",100,192.9,2012-08-06,19290
"1018784",100,191.5,2012-05-28,19150
"1018784",100,192,2012-06-04,19200
"1018784",100,192.1,2012-06-18,19210
"1018784",100,193.4,2012-07-09,19340
"1018784",100,191,2012-05-14,19100
"1018784",100,193.4,2012-07-16,19340
"1018784",100,191,2012-05-21,19100
"1018784",100,192.4,2012-07-30,19240
"1018784",100,192.1,2012-06-25,19210
"1018784",100,192.9,2012-08-13,19290
"1018784",100,192.1,2012-06-11,19210
"1018784",100,192.1,2012-07-02,19210
"1018784",100,192.4,2012-07-23,19240
"1018784",100,192.9,2012-08-06,19290
"1018784",100,191.5,2012-05-28,19150
"1018784",100,192,2012-06-04,19200
"1018784",100,192.1,2012-06-18,19210
"1018784",100,193.4,2012-07-09,19340
"1018784",100,191,2012-05-14,19100
"1018784",100,193.4,2012-07-16,19340
"1018784",100,191,2012-05-21,19100
"1018784",100,192.4,2012-07-30,19240
"1018784",100,192.1,2012-06-25,19210
"1018784",100,192.9,2012-08-13,19290
"1018784",100,192.1,2012-06-11,19210
"1018784",100,192.1,2012-07-02,19210
"1018784",100,192.4,2012-07-23,19240
"1018784",100,192.9,2012-08-06,19290
"1018784",100,191.5,2012-05-28,19150
"1018784",100,192,2012-06-04,19200
"1018784",100,192.1,2012-06-18,19210
"1018784",100,193.4,2012-07-09,19340
"1018784",100,191,2012-05-14,19100
"1018784",100,193.4,2012-07-16,19340
"1018784",100,191,2012-05-21,19100
"1018784",100,192.4,2012-07-30,19240
"1018784",100,192.1,2012-06-25,19210
"1018784",100,192.9,2012-08-13,19290
"1018784",100,192.1,2012-06-11,19210
"1018784",100,192.1,2012-07-02,19210
"1018784",100,192.4,2012-07-23,19240
"1018784",100,192.9,2012-08-06,19290
"1018784",100,191.5,2012-05-28,19150
"1018784",100,192,2012-06-04,19200
"1018784",100,192.1,2012-06-18,19210
"1018784",100,193.4,2012-07-09,19340
"1018784",100,191,2012-05-14,19100
"1018784",100,193.4,2012-07-16,19340
"1018784",100,191,2012-05-21,19100
"1018784",100,192.4,2012-07-30,19240
"1018784",100,192.1,2012-06-25,19210
"1018784",100,192.9,2012-08-13,19290
"1018784",100,192.1,2012-06-11,19210
"1018784",100,192.1,2012-07-02,19210
"1018784",100,192.4,2012-07-23,19240
"1018784",100,192.9,2012-08-06,19290
"1018784",100,191.5,2012-05-28,19150
"1018784",100,192,2012-06-04,19200
"1018784",100,192.1,2012-06-18,19210
"1018784",100,193.4,2012-07-09,19340
"1018784",100,191,2012-05-14,19100
"1018784",100,193.4,2012-07-16,19340
"1018784",100,191,2012-05-21,19100
"1018784",100,192.4,2012-07-30,19240
"1018784",100,192.1,2012-06-25,19210
"1018784",100,192.9,2012-08-13,19290
"1018784",100,192.1,2012-06-11,19210
"1018784",100,192.1,2012-07-02,19210
"1018784",100,192.4,2012-07-23,19240
"1018784",100,192.9,2012-08-06,19290
"1018784",100,191.5,2012-05-28,19150
"1018784",100,192,2012-06-04,19200
"1018784",100,192.1,2012-06-18,19210
"1018784",100,193.4,2012-07-09,19340
"1018784",100,191,2012-05-14,19100
"1018784",100,193.4,2012-07-16,19340
"1018784",100,191,2012-05-21,19100
"1018784",100,192.4,2012-07-30,19240
"1018784",100,192.1,2012-06-25,19210
"1018784",100,192.9,2012-08-13,19290
"1018784",100,192.1,2012-06-11,19210
"1018784",100,192.1,2012-07-02,19210
"1018784",100,192.4,2012-07-23,19240
"1018784",100,192.9,2012-08-06,19290
"1018784",100,191.5,2012-05-28,19150
"1018784",100,192,2012-06-04,19200
"1018784",100,192.1,2012-06-18,19210
"1018784",100,193.4,2012-07-09,19340
"1018784",100,191,2012-05-14,19100
"1018784",100,193.4,2012-07-16,19340
"1018784",100,191,2012-05-21,19100
"1018784",100,192.4,2012-07-30,19240
"1018784",100,192.1,2012-06-25,19210
"1018784",100,192.9,2012-08-13,19290
"1018784",100,192.1,2012-06-11,19210
"1018784",100,192.1,2012-07-02,19210
"1018784",100,192.4,2012-07-23,19240
"1018784",100,192.9,2012-08-06,19290
"1018784",100,191.5,2012-05-28,19150
"1018784",100,192,2012-06-04,19200
"1018784",100,192.1,2012-06-18,19210
"1018784",100,193.4,2012-07-09,19340
"1018784",100,191,2012-05-14,19100
"1018784",100,193.4,2012-07-16,19340
"1018784",100,191,2012-05-21,19100
"1018784",100,192.4,2012-07-30,19240
"1018784",100,192.1,2012-06-25,19210
"1018784",100,192.9,2012-08-13,19290
"1018784",100,192.1,2012-06-11,19210
"1018784",100,192.1,2012-07-02,19210
"1018784",100,192.4,2012-07-23,19240
"1018784",100,192.9,2012-08-06,19290
"1018784",100,191.5,2012-05-28,19150
"1018784",100,192,2012-06-04,19200
"1018784",100,192.1,2012-06-18,19210
"1018784",100,193.4,2012-07-09,19340
"1018784",100,191,2012-05-14,19100
"1018784",100,193.4,2012-07-16,19340
"1018784",100,191,2012-05-21,19100
"1018784",100,192.4,2012-07-30,19240
"1018784",100,192.1,2012-06-25,19210
"1018784",100,192.9,2012-08-13,19290
"1018784",100,192.1,2012-06-11,19210
"1018784",100,192.1,2012-07-02,19210
"1018784",100,192.4,2012-07-23,19240
"1018784",100,192.9,2012-08-06,19290
"1018784",100,191.5,2012-05-28,19150
"1018784",100,192,2012-06-04,19200
"1018784",100,192.1,2012-06-18,19210
"1018784",100,193.4,2012-07-09,19340
"1018784",100,191,2012-05-14,19100
"1018784",100,193.4,2012-07-16,19340
"1018784",100,191,2012-05-21,19100
"1018784",100,192.4,2012-07-30,19240
"1018784",100,192.1,2012-06-25,19210
"1018784",100,192.9,2012-08-13,19290
"1018784",100,192.1,2012-06-11,19210
"1018784",100,192.1,2012-07-02,19210
"1018784",100,192.4,2012-07-23,19240
"1018784",100,192.9,2012-08-06,19290
"1018784",100,191.5,2012-05-28,19150
"1018784",100,192,2012-06-04,19200
"1018784",100,192.1,2012-06-18,19210
"1018784",100,193.4,2012-07-09,19340
"1018784",100,191,2012-05-14,19100
"1018784",100,193.4,2012-07-16,19340
"1018784",100,191,2012-05-21,19100
"1018784",100,192.4,2012-07-30,19240
"1018794",100,215.4,2012-06-11,21540
"1018794",100,217.9,2012-08-06,21790
"1018794",100,217.1,2012-07-23,21710
"1018794",100,215.1,2012-06-04,21510
"1018794",100,215,2012-05-14,21500
"1018794",100,217.1,2012-07-30,21710
"1018794",100,217.3,2012-07-09,21730
"1018794",100,215,2012-05-21,21500
"1018794",100,215.7,2012-05-28,21570
"1018794",100,215.4,2012-06-25,21540
"1018794",100,217.9,2012-08-13,21790
"1018794",100,215.4,2012-06-18,21540
"1018794",100,215.4,2012-07-02,21540
"1018794",100,217.3,2012-07-16,21730
"1018799",170,179.5,2012-06-11,30515
"1018799",170,179.5,2012-06-25,30515
"1018799",170,180.1,2012-07-09,30617
"1018799",170,180.5,2012-08-13,30685
"1018799",170,179.4,2012-06-04,30498
"1018799",170,180.4,2012-07-23,30668
"1018799",170,179.5,2012-06-18,30515
"1018799",170,180.4,2012-07-30,30668
"1018799",170,178,2012-05-21,30260
"1018799",170,178,2012-05-14,30260
"1018799",170,179.8,2012-05-28,30566
"1018799",170,180.5,2012-08-06,30685
"1018799",170,180.1,2012-07-16,30617
"1018799",170,179.5,2012-07-02,30515
"1018799",170,179.5,2012-06-11,30515
"1018799",170,179.5,2012-06-25,30515
"1018799",170,180.1,2012-07-09,30617
"1018799",170,180.5,2012-08-13,30685
"1018799",170,179.4,2012-06-04,30498
"1018799",170,180.4,2012-07-23,30668
"1018799",170,179.5,2012-06-18,30515
"1018799",170,180.4,2012-07-30,30668
"1018799",170,178,2012-05-21,30260
"1018799",170,178,2012-05-14,30260
"1018799",170,179.8,2012-05-28,30566
"1018799",170,180.5,2012-08-06,30685
"1018799",170,180.1,2012-07-16,30617
"1018799",170,179.5,2012-07-02,30515
"1018799",200,179.5,2012-06-11,35900
"1018799",200,179.5,2012-06-25,35900
"1018799",200,180.1,2012-07-09,36020
"1018799",200,180.5,2012-08-13,36100
"1018799",200,179.4,2012-06-04,35880
"1018799",200,180.4,2012-07-23,36080
"1018799",200,179.5,2012-06-18,35900
"1018799",200,180.4,2012-07-30,36080
"1018799",200,178,2012-05-21,35600
"1018799",200,178,2012-05-14,35600
"1018799",200,179.8,2012-05-28,35960
"1018799",200,180.5,2012-08-06,36100
"1018799",200,180.1,2012-07-16,36020
"1018799",200,179.5,2012-07-02,35900
"1018799",170,179.5,2012-06-11,30515
"1018799",170,179.5,2012-06-25,30515
"1018799",170,180.1,2012-07-09,30617
"1018799",170,180.5,2012-08-13,30685
"1018799",170,179.4,2012-06-04,30498
"1018799",170,180.4,2012-07-23,30668
"1018799",170,179.5,2012-06-18,30515
"1018799",170,180.4,2012-07-30,30668
"1018799",170,178,2012-05-21,30260
"1018799",170,178,2012-05-14,30260
"1018799",170,179.8,2012-05-28,30566
"1018799",170,180.5,2012-08-06,30685
"1018799",170,180.1,2012-07-16,30617
"1018799",170,179.5,2012-07-02,30515
"1018799",160,179.5,2012-06-11,28720
"1018799",160,179.5,2012-06-25,28720
"1018799",160,180.1,2012-07-09,28816
"1018799",160,180.5,2012-08-13,28880
"1018799",160,179.4,2012-06-04,28704
"1018799",160,180.4,2012-07-23,28864
"1018799",160,179.5,2012-06-18,28720
"1018799",160,180.4,2012-07-30,28864
"1018799",160,178,2012-05-21,28480
"1018799",160,178,2012-05-14,28480
"1018799",160,179.8,2012-05-28,28768
"1018799",160,180.5,2012-08-06,28880
"1018799",160,180.1,2012-07-16,28816
"1018799",160,179.5,2012-07-02,28720
"1018799",200,179.5,2012-06-11,35900
"1018799",200,179.5,2012-06-25,35900
"1018799",200,180.1,2012-07-09,36020
"1018799",200,180.5,2012-08-13,36100
"1018799",200,179.4,2012-06-04,35880
"1018799",200,180.4,2012-07-23,36080
"1018799",200,179.5,2012-06-18,35900
"1018799",200,180.4,2012-07-30,36080
"1018799",200,178,2012-05-21,35600
"1018799",200,178,2012-05-14,35600
"1018799",200,179.8,2012-05-28,35960
"1018799",200,180.5,2012-08-06,36100
"1018799",200,180.1,2012-07-16,36020
"1018799",200,179.5,2012-07-02,35900
"1018799",200,179.5,2012-06-11,35900
"1018799",200,179.5,2012-06-25,35900
"1018799",200,180.1,2012-07-09,36020
"1018799",200,180.5,2012-08-13,36100
"1018799",200,179.4,2012-06-04,35880
"1018799",200,180.4,2012-07-23,36080
"1018799",200,179.5,2012-06-18,35900
"1018799",200,180.4,2012-07-30,36080
"1018799",200,178,2012-05-21,35600
"1018799",200,178,2012-05-14,35600
"1018799",200,179.8,2012-05-28,35960
"1018799",200,180.5,2012-08-06,36100
"1018799",200,180.1,2012-07-16,36020
"1018799",200,179.5,2012-07-02,35900
"1018799",160,179.5,2012-06-11,28720
"1018799",160,179.5,2012-06-25,28720
"1018799",160,180.1,2012-07-09,28816
"1018799",160,180.5,2012-08-13,28880
"1018799",160,179.4,2012-06-04,28704
"1018799",160,180.4,2012-07-23,28864
"1018799",160,179.5,2012-06-18,28720
"1018799",160,180.4,2012-07-30,28864
"1018799",160,178,2012-05-21,28480
"1018799",160,178,2012-05-14,28480
"1018799",160,179.8,2012-05-28,28768
"1018799",160,180.5,2012-08-06,28880
"1018799",160,180.1,2012-07-16,28816
"1018799",160,179.5,2012-07-02,28720
"1018800",200,213.1,2012-08-06,42620
"1018800",200,213.5,2012-07-16,42700
"1018800",200,213.7,2012-07-23,42740
"1018800",200,213.5,2012-07-09,42700
"1018800",200,213.7,2012-07-30,42740
"1018800",200,211,2012-06-25,42200
"1018800",200,211,2012-06-11,42200
"1018800",200,212,2012-05-28,42400
"1018800",200,213.1,2012-08-13,42620
"1018800",200,211,2012-07-02,42200
"1018800",200,211,2012-06-18,42200
"1018800",200,213,2012-05-14,42600
"1018800",200,213,2012-05-21,42600
"1018800",200,211.3,2012-06-04,42260
"1018800",200,213.1,2012-08-06,42620
"1018800",200,213.5,2012-07-16,42700
"1018800",200,213.7,2012-07-23,42740
"1018800",200,213.5,2012-07-09,42700
"1018800",200,213.7,2012-07-30,42740
"1018800",200,211,2012-06-25,42200
"1018800",200,211,2012-06-11,42200
"1018800",200,212,2012-05-28,42400
"1018800",200,213.1,2012-08-13,42620
"1018800",200,211,2012-07-02,42200
"1018800",200,211,2012-06-18,42200
"1018800",200,213,2012-05-14,42600
"1018800",200,213,2012-05-21,42600
"1018800",200,211.3,2012-06-04,42260
"1018900",160,134.2,2012-07-23,21472
"1018900",160,136,2012-07-09,21760
"1018900",160,134.2,2012-07-30,21472
"1018900",160,134.5,2012-06-11,21520
"1018900",160,134.5,2012-07-02,21520
"1018900",160,134.6,2012-08-06,21536
"1018900",160,134.5,2012-06-25,21520
"1018900",160,136,2012-07-16,21760
"1018900",160,134,2012-05-14,21440
"1018900",160,134.5,2012-06-18,21520
"1018900",160,134,2012-05-21,21440
"1018900",160,130,2012-05-28,20800
"1018900",160,134.6,2012-08-13,21536
"1018900",160,134,2012-06-04,21440
"1018901",160,133,2012-07-30,21280
"1018901",160,133.5,2012-08-06,21360
"1018901",160,130,2012-06-25,20800
"1018901",160,130,2012-06-11,20800
"1018901",160,130,2012-06-18,20800
"1018901",160,131,2012-05-14,20960
"1018901",160,130,2012-07-02,20800
"1018901",160,132.5,2012-07-16,21200
"1018901",160,133,2012-07-23,21280
"1018901",160,132.5,2012-07-09,21200
"1018901",160,133.5,2012-08-13,21360
"1018901",160,129,2012-05-28,20640
"1018901",160,129.8,2012-06-04,20768
"1018901",160,131,2012-05-21,20960
"1018902",160,130,2012-06-25,20800
"1018902",160,130,2012-06-11,20800
"1018902",160,133,2012-07-30,21280
"1018902",160,133,2012-07-23,21280
"1018902",160,131,2012-05-14,20960
"1018902",160,133.5,2012-08-06,21360
"1018902",160,129,2012-05-28,20640
"1018902",160,129.9,2012-06-04,20784
"1018902",160,132.5,2012-07-09,21200
"1018902",160,130,2012-06-18,20800
"1018902",160,130,2012-07-02,20800
"1018902",160,132.5,2012-07-16,21200
"1018902",160,131,2012-05-21,20960
"1018902",160,133.5,2012-08-13,21360
