id_pedido,id_receta,cantidad,fecha_pedido, exceso_pcg
10001,0101001122,7, 14/05/2012,1.19
10002,0101001126,5, 14/05/2012,1.86
10003,0101001142,12, 14/05/2012,0.85
10004,0101001134,4.2, 14/05/2012,0.49
10005,0101001142,12, 14/05/2012,1.53
10006,0101001145,3, 14/05/2012,1.54
10007,0101001380,25, 14/05/2012,0.05
10008,0101001389,37, 14/05/2012,0.45
10009,0101001396,10, 14/05/2012,1.47
10010,0101001144,2.7, 15/05/2012,1.78
10011,0101001124,1.5, 15/05/2012,0.61
10012,0101001143,5, 15/05/2012,1.82
10013,0101001379,7, 15/05/2012,1.56
10014,0101001388,15, 15/05/2012,0.51
10015,0101001377,20, 15/05/2012,1.55
10016,0101001133,7.7,15/05/2012,0.53
10017,0101001144,2.5,15/05/2012,0.75
10018,0101001144,10,15/05/2012,1.94
10019,0101001379,80,15/05/2012,0.04
10020,0101001397,120,15/05/2012,1.58
10021,0101001399,75,15/05/2012,1.95
10022,0101001133,12.7,15/05/2012,0.69
10023,0101001124,11.7,15/05/2012,1.79
10024,0101001145,15,15/05/2012,1.83
10025,0101001378,115,15/05/2012,1.8
10026,0101001399,68,15/05/2012,0.38
10027,0101001122,15, 16/05/2012,0.12
10028,0101001132,10, 16/05/2012,1.04
10029,0101001145,16.8, 16/05/2012,1.53
10030,0101001143,17, 16/05/2012,1.26
10031,0101001387,12, 16/05/2012,0.02
10032,0101001399,50, 16/05/2012,0.45
10033,0101001398,70, 16/05/2012,0.3
10034,0101001380,210, 16/05/2012,0.41
10035,0101001377,125, 16/05/2012,0.6
10036,0101001145,12.8, 16/05/2012,0.18
10037,0101001143,11, 16/05/2012,0.25
10038,0101001387,100, 16/05/2012,1.33
10039,0101001399,150, 16/05/2012,0.2
10040,0101001380,79, 16/05/2012,0.63
10041,0101001143,15, 16/05/2012,0.21
10042,0101001132,12, 16/05/2012,1.92
10043,0101001143,10, 16/05/2012,1.08
10044,0101001122,17.2, 17/05/2012,0.43
10045,0101001132,15, 17/05/2012,0.12
10046,0101001145,16.8, 17/05/2012,0.99
10047,0101001143,20, 17/05/2012,1.45
10048,0101001387,15, 17/05/2012,1.31
10049,0101001399,150, 17/05/2012,1.54
10050,0101001398,120, 17/05/2012,1.48
10051,0101001380,250, 17/05/2012,0.94
10052,0101001377,140, 17/05/2012,1.99
10053,0101001145,15.7, 17/05/2012,2
10054,0101001143,15, 17/05/2012,1.72
10055,0101001387,125, 17/05/2012,0.93
10056,0101001399,175, 17/05/2012,1.57
10057,0101001380,60, 17/05/2012,1.8
10058,0101001143,18, 17/05/2012,0.83
10059,0101001132,16, 17/05/2012,0.3
10060,0101001143,12, 17/05/2012,0.03
10061,0101001122,10, 18/05/2012,0.51
10062,0101001126,10, 18/05/2012,0.86
10063,0101001142,13, 18/05/2012,0.54
10064,0101001134,5.7, 18/05/2012,1.23
10065,0101001142,13, 18/05/2012,1.62
10066,0101001145,5, 18/05/2012,0.84
10067,0101001380,35, 18/05/2012,1.33
10068,0101001389,41, 18/05/2012,0.7
10069,0101001396,12, 18/05/2012,0.28
10070,0101001122,7, 21/05/2012,0.57
10071,0101001126,5, 21/05/2012,1.6
10072,0101001142,12, 21/05/2012,1.98
10073,0101001134,4.2, 21/05/2012,1.46
10074,0101001142,12, 21/05/2012,1.11
10075,0101001145,3, 21/05/2012,1.66
10076,0101001380,25, 21/05/2012,1.25
10077,0101001389,37, 21/05/2012,0.81
10078,0101001396,10, 21/05/2012,1.59
10079,0101001144,2.7, 22/05/2012,0.06
10080,0101001124,1.5, 22/05/2012,1.49
10081,0101001143,5, 22/05/2012,1.72
10082,0101001379,7, 22/05/2012,0.39
10083,0101001388,15, 22/05/2012,1.06
10084,0101001377,20, 22/05/2012,0.86
10085,0101001133,7.7, 22/05/2012,0.5
10086,0101001144,2.5, 22/05/2012,1.37
10087,0101001144,10, 22/05/2012,1.53
10088,0101001379,80, 22/05/2012,0.73
10089,0101001397,120, 22/05/2012,1.43
10090,0101001399,75, 22/05/2012,0.8
10091,0101001133,12.7, 22/05/2012,1.8
10092,0101001124,11.7, 22/05/2012,0.64
10093,0101001145,15, 22/05/2012,1.05
10094,0101001378,115, 22/05/2012,1.61
10095,0101001399,68, 22/05/2012,0.62
10096,0101001122,15, 23/05/2012,0.37
10097,0101001132,10, 23/05/2012,0.57
10098,0101001145,16.8, 23/05/2012,1.63
10099,0101001143,17, 23/05/2012,0.01
10100,0101001387,12, 23/05/2012,1.3
10101,0101001399,50, 23/05/2012,1.02
10102,0101001398,70, 23/05/2012,0.53
10103,0101001380,210, 23/05/2012,1.9
10104,0101001377,125, 23/05/2012,0.85
10105,0101001145,12.8, 23/05/2012,0.03
10106,0101001143,11, 23/05/2012,0.12
10107,0101001387,100, 23/05/2012,0.98
10108,0101001399,150, 23/05/2012,0.97
10109,0101001380,79, 23/05/2012,0.99
10110,0101001143,15, 23/05/2012,0.6
10111,0101001132,12, 23/05/2012,1.81
10112,0101001143,10, 23/05/2012,0.63
10113,0101001122,17.2, 24/05/2012,0.64
10114,0101001132,15, 24/05/2012,1.84
10115,0101001145,16.8, 24/05/2012,0.78
10116,0101001143,20, 24/05/2012,0.68
10117,0101001387,15, 24/05/2012,0.86
10118,0101001399,150, 24/05/2012,0.72
10119,0101001398,120, 24/05/2012,1.69
10120,0101001380,250, 24/05/2012,1.81
10121,0101001377,140, 24/05/2012,1.96
10122,0101001145,15.7, 24/05/2012,0.75
10123,0101001143,15, 24/05/2012,0.23
10124,0101001387,125, 24/05/2012,0.12
10125,0101001399,175, 24/05/2012,1.19
10126,0101001380,60, 24/05/2012,0.43
10127,0101001143,18, 24/05/2012,0.97
10128,0101001132,16, 24/05/2012,1.7
10129,0101001143,12, 24/05/2012,1.13
10130,0101001122,10, 25/05/2012,1.91
10131,0101001126,10, 25/05/2012,0.77
10132,0101001142,13, 25/05/2012,1.68
10133,0101001134,5.7, 25/05/2012,0.51
10134,0101001142,13, 25/05/2012,0.65
10135,0101001145,5, 25/05/2012,0.26
10136,0101001380,35, 25/05/2012,1.68
10137,0101001389,41, 25/05/2012,0.79
10138,0101001396,12, 25/05/2012,1.3
10139,0101001122,11, 28/05/2012,1.52
10140,0101001126,3, 28/05/2012,1.73
10141,0101001142,18, 28/05/2012,1.61
10142,0101001134,6.6, 28/05/2012,0.41
10143,0101001142,13, 28/05/2012,0.96
10144,0101001145,9, 28/05/2012,0.28
10145,0101001380,35, 28/05/2012,0.29
10146,0101001389,17, 28/05/2012,1.27
10147,0101001396,12, 28/05/2012,2
10148,0101001144,4, 29/05/2012,1.91
10149,0101001124,1.9, 29/05/2012,1.87
10150,0101001143,6, 29/05/2012,1.06
10151,0101001379,12, 29/05/2012,1.8
10152,0101001388,20, 29/05/2012,1.99
10153,0101001377,16, 29/05/2012,1.7
10154,0101001133,9.7, 29/05/2012,0.31
10155,0101001144,3.3, 29/05/2012,1.38
10156,0101001144,15, 29/05/2012,0.29
10157,0101001379,85, 29/05/2012,1.79
10158,0101001397,150, 29/05/2012,1.83
10159,0101001399,115, 29/05/2012,0.68
10160,0101001133,13.4, 29/05/2012,0.52
10161,0101001124,12.4, 29/05/2012,1.69
10162,0101001145,16, 29/05/2012,1.26
10163,0101001378,115, 29/05/2012,1.21
10164,0101001399,68, 29/05/2012,0.62
10165,0101001122,15, 30/05/2012,0.73
10166,0101001132,10, 30/05/2012,0.15
10167,0101001145,16.8, 30/05/2012,0.33
10168,0101001143,17, 30/05/2012,0.94
10169,0101001387,15, 30/05/2012,0.19
10170,0101001399,50, 30/05/2012,1.06
10171,0101001398,70, 30/05/2012,1.18
10172,0101001380,180, 30/05/2012,0.89
10173,0101001377,300, 30/05/2012,1.13
10174,0101001145,15, 30/05/2012,1.54
10175,0101001143,11, 30/05/2012,1.04
10176,0101001387,100, 30/05/2012,0.28
10177,0101001399,150, 30/05/2012,0.49
10178,0101001380,90, 30/05/2012,1.59
10179,0101001143,15, 30/05/2012,0.82
10180,0101001132,12, 30/05/2012,1.87
10181,0101001143,10, 30/05/2012,0.55
10182,0101001122,13.5, 31/05/2012,0.37
10183,0101001132,15, 31/05/2012,1.96
10184,0101001145,16.8, 31/05/2012,1.47
10185,0101001143,12, 31/05/2012,1.02
10186,0101001387,15, 31/05/2012,1.88
10187,0101001399,150, 31/05/2012,0.3
10188,0101001398,120, 31/05/2012,1.5
10189,0101001380,212, 31/05/2012,0.7
10190,0101001377,140, 31/05/2012,0.38
10191,0101001145,15.7, 31/05/2012,1.38
10192,0101001143,16, 31/05/2012,0.24
10193,0101001387,125, 31/05/2012,1.3
10194,0101001399,175, 31/05/2012,1.94
10195,0101001380,80, 31/05/2012,0.27
10196,0101001143,25, 31/05/2012,0.38
10197,0101001132,16, 31/05/2012,0.33
10198,0101001143,12, 31/05/2012,0.76
10199,0101001122,10, 01/06/2012,1.95
10200,0101001126,11, 01/06/2012,1.91
10201,0101001142,13, 01/06/2012,1.07
10202,0101001134,8, 01/06/2012,0.38
10203,0101001142,13, 01/06/2012,0.77
10204,0101001145,5.7, 01/06/2012,1.8
10205,0101001380,35, 01/06/2012,1.62
10206,0101001389,12, 01/06/2012,1.83
10207,0101001396,12, 01/06/2012,1.57
10208,0101001122,11, 01/06/2012,1.83
10209,0101001126,3, 01/06/2012,1.16
10210,0101001142,18, 01/06/2012,1.07
10211,0101001134,6.6, 04/06/2012,2
10212,0101001142,13, 04/06/2012,1.29
10213,0101001145,9, 04/06/2012,0.61
10214,0101001380,35, 04/06/2012,0.6
10215,0101001389,17, 04/06/2012,1.53
10216,0101001396,12, 04/06/2012,1.95
10217,0101001144,4, 04/06/2012,0.72
10218,0101001124,1.9, 04/06/2012,1.9
10219,0101001143,6, 04/06/2012,0.64
10220,0101001379,12, 04/06/2012,0.74
10221,0101001388,20, 04/06/2012,1.06
10222,0101001377,16, 04/06/2012,0.84
10223,0101001133,9.7, 04/06/2012,1.78
10224,0101001144,3.3, 04/06/2012,0.06
10225,0101001144,15, 04/06/2012,1.94
10226,0101001379,85, 04/06/2012,0.51
10227,0101001397,150, 04/06/2012,1.81
10228,0101001399,115, 04/06/2012,0.91
10229,0101001133,13.4, 04/06/2012,1.72
10230,0101001124,12.4, 04/06/2012,0.34
10231,0101001145,16, 05/06/2012,0.73
10232,0101001378,115, 05/06/2012,1.84
10233,0101001399,68, 05/06/2012,1.89
10234,0101001122,15, 05/06/2012,0.53
10235,0101001132,10, 05/06/2012,1.64
10236,0101001145,16.8, 05/06/2012,0.77
10237,0101001143,17, 05/06/2012,0.3
10238,0101001387,15, 05/06/2012,0.84
10239,0101001399,50, 05/06/2012,1.49
10240,0101001398,70, 05/06/2012,0.05
10241,0101001380,180, 05/06/2012,0.73
10242,0101001377,300, 05/06/2012,1.58
10243,0101001145,15, 05/06/2012,1.08
10244,0101001143,11, 05/06/2012,1.67
10245,0101001387,100, 05/06/2012,1.85
10246,0101001399,150, 05/06/2012,0.67
10247,0101001380,90, 05/06/2012,1.38
10248,0101001143,15, 05/06/2012,0.38
10249,0101001132,12, 05/06/2012,0.04
10250,0101001143,10, 05/06/2012,1.71
10251,0101001122,13.5, 06/06/2012,0.68
10252,0101001132,15, 06/06/2012,1.57
10253,0101001145,16.8, 06/06/2012,1.8
10254,0101001143,12, 06/06/2012,0.9
10255,0101001387,15, 06/06/2012,0.49
10256,0101001399,150, 06/06/2012,0.66
10257,0101001398,120, 06/06/2012,1.33
10258,0101001380,212, 06/06/2012,1.02
10259,0101001377,140, 06/06/2012,1.15
10260,0101001145,15.7, 06/06/2012,1.86
10261,0101001143,16, 06/06/2012,1.74
10262,0101001387,125, 06/06/2012,1.44
10263,0101001399,175, 06/06/2012,0.77
10264,0101001380,80, 06/06/2012,0.36
10265,0101001143,25, 06/06/2012,0.88
10266,0101001132,16, 06/06/2012,1.75
10267,0101001143,12, 06/06/2012,0.04
10268,0101001122,10, 07/06/2012,0.91
10269,0101001126,11, 07/06/2012,0.64
10270,0101001142,13, 07/06/2012,1.76
10271,0101001134,8, 07/06/2012,0.51
10272,0101001142,13, 07/06/2012,0.01
10273,0101001145,5.7, 07/06/2012,0.81
10274,0101001380,35, 07/06/2012,0.96
10275,0101001389,12, 07/06/2012,0.86
10276,0101001396,12, 07/06/2012,0.15
10277,0101001134,6.6, 10/06/2012,1.23
10278,0101001142,13, 10/06/2012,0.08
10279,0101001145,9, 10/06/2012,0.9
10280,0101001380,35, 10/06/2012,0.43
10281,0101001389,17, 10/06/2012,0.58
10282,0101001396,12, 10/06/2012,0.38
10283,0101001144,4, 10/06/2012,0.32
10284,0101001124,1.9, 10/06/2012,1.58
10285,0101001143,6, 10/06/2012,0.25
10286,0101001379,12, 11/06/2012,1.59
10287,0101001388,20, 11/06/2012,1.43
10288,0101001377,16, 11/06/2012,0.5
10289,0101001133,9.7, 11/06/2012,1.64
10290,0101001144,3.3, 11/06/2012,0.94
10291,0101001144,15, 11/06/2012,1.83
10292,0101001379,85, 11/06/2012,1.55
10293,0101001397,150, 11/06/2012,0.95
10294,0101001399,115, 11/06/2012,1.05
10295,0101001133,13.4, 11/06/2012,0.33
10296,0101001124,12.4, 11/06/2012,0.87
10297,0101001145,16, 11/06/2012,2
10298,0101001378,115, 11/06/2012,1.3
10299,0101001399,68, 11/06/2012,1.22
10300,0101001122,15, 11/06/2012,0.62
10301,0101001132,10, 11/06/2012,0.14
10302,0101001145,16.8, 11/06/2012,1.93
10303,0101001143,17, 11/06/2012,0.69
10304,0101001387,15, 11/06/2012,1.26
10305,0101001399,50, 11/06/2012,1.13
10306,0101001398,70, 11/06/2012,1.63
10307,0101001380,180, 11/06/2012,1.26
10308,0101001377,300, 11/06/2012,0.08
10309,0101001145,15, 12/06/2012,1.34
10310,0101001143,11, 12/06/2012,1.8
10311,0101001387,100, 12/06/2012,0.59
10312,0101001399,150, 12/06/2012,1.56
10313,0101001380,90, 12/06/2012,0.66
10314,0101001143,15, 12/06/2012,1.64
10315,0101001132,12, 12/06/2012,1.55
10316,0101001143,10, 12/06/2012,0.75
10317,0101001122,13.5, 12/06/2012,1.63
10318,0101001132,15, 12/06/2012,1.57
10319,0101001145,16.8, 12/06/2012,1.77
10320,0101001143,12, 12/06/2012,0.83
10321,0101001387,15, 12/06/2012,0.3
10322,0101001399,150, 12/06/2012,0.39
10323,0101001398,120, 12/06/2012,1.05
10324,0101001380,212, 12/06/2012,1.18
10325,0101001377,140, 12/06/2012,1.39
10326,0101001145,15.7, 12/06/2012,1.44
10327,0101001143,16, 12/06/2012,1.86
10328,0101001387,125, 12/06/2012,0.39
10329,0101001399,175, 12/06/2012,1.1
10330,0101001380,80, 12/06/2012,1.78
10331,0101001143,25, 12/06/2012,0.93
10332,0101001132,16, 12/06/2012,0.02
10333,0101001143,12, 12/06/2012,1.89
10334,0101001122,10, 13/06/2012,0.47
10335,0101001126,11, 13/06/2012,0.18
10336,0101001142,13, 13/06/2012,0.4
10337,0101001134,8, 13/06/2012,0.3
10338,0101001142,13, 13/06/2012,0.22
10339,0101001145,5.7, 13/06/2012,1.25
10340,0101001380,35, 13/06/2012,1.3
10341,0101001389,12, 13/06/2012,1.55
10342,0101001396,12, 13/06/2012,1.7
10343,0101001122,10, 14/06/2012,1.48
10344,0101001126,11, 14/06/2012,0.04
10345,0101001142,13, 14/06/2012,0.71
10346,0101001134,8, 14/06/2012,0.48
10347,0101001142,13, 14/06/2012,1.66
10348,0101001145,5.7, 14/06/2012,1.72
10349,0101001380,35, 14/06/2012,1.98
10350,0101001389,12, 14/06/2012,1.33
10351,0101001396,12, 14/06/2012,1.73
10352,0101001134,6.6, 17/06/2012,1.19
10353,0101001142,13, 17/06/2012,1.35
10354,0101001145,9, 17/06/2012,0.55
10355,0101001380,35, 17/06/2012,1.31
10356,0101001389,17, 17/06/2012,1.72
10357,0101001396,12, 17/06/2012,0.57
10358,0101001144,4, 17/06/2012,1.28
10359,0101001124,1.9, 17/06/2012,1.38
10360,0101001143,6, 17/06/2012,1.13
10361,0101001379,12, 18/06/2012,0.24
10362,0101001388,20, 18/06/2012,0.61
10363,0101001377,16, 18/06/2012,1.29
10364,0101001133,9.7, 18/06/2012,0.68
10365,0101001144,3.3, 18/06/2012,1.29
10366,0101001144,15, 18/06/2012,1.68
10367,0101001379,85, 18/06/2012,0.41
10368,0101001397,150, 18/06/2012,0.85
10369,0101001399,115, 18/06/2012,0.14
10370,0101001133,13.4, 18/06/2012,0.27
10371,0101001124,12.4, 18/06/2012,1.83
10372,0101001145,16, 18/06/2012,0.79
10373,0101001378,115, 18/06/2012,0.31
10374,0101001399,68, 18/06/2012,1.18
10375,0101001122,15, 18/06/2012,0.89
10376,0101001132,10, 18/06/2012,0.39
10377,0101001145,16.8, 18/06/2012,1.33
10378,0101001143,17, 18/06/2012,1.02
10379,0101001387,15, 19/06/2012,1.41
10380,0101001399,50, 19/06/2012,1.91
10381,0101001398,70, 19/06/2012,1.61
10382,0101001380,180, 19/06/2012,0.54
10383,0101001377,300, 19/06/2012,1.28
10384,0101001145,15, 19/06/2012,0.48
10385,0101001143,11, 19/06/2012,0.71
10386,0101001387,100, 19/06/2012,0.79
10387,0101001399,150, 19/06/2012,1.84
10388,0101001380,90, 19/06/2012,0.86
10389,0101001143,15, 19/06/2012,0.33
10390,0101001132,12, 19/06/2012,1.95
10391,0101001143,10, 19/06/2012,0.1
10392,0101001122,13.5, 19/06/2012,0.66
10393,0101001132,15, 19/06/2012,1.45
10394,0101001145,16.8, 19/06/2012,0.99
10395,0101001143,12, 19/06/2012,0.57
10396,0101001387,15, 19/06/2012,1.44
10397,0101001399,150, 19/06/2012,0.04
10398,0101001398,120, 19/06/2012,0.81
10399,0101001380,212, 19/06/2012,0.78
10400,0101001377,140, 19/06/2012,0.05
10401,0101001145,15.7, 20/06/2012,0.8
10402,0101001143,16, 20/06/2012,0.64
10403,0101001387,125, 20/06/2012,0.49
10404,0101001399,175, 20/06/2012,0.01
10405,0101001380,80, 20/06/2012,0.58
10406,0101001143,25, 20/06/2012,0.21
10407,0101001132,16, 20/06/2012,0.54
10408,0101001143,12, 20/06/2012,0.43
10409,0101001122,10, 20/06/2012,1.52
10410,0101001126,11, 20/06/2012,1.9
10411,0101001142,13, 20/06/2012,1.39
10412,0101001134,8, 20/06/2012,1.99
10413,0101001142,13, 20/06/2012,0.54
10414,0101001145,5.7, 20/06/2012,0.27
10415,0101001380,35, 20/06/2012,0.97
10416,0101001389,12, 20/06/2012,0.73
10417,0101001396,12, 20/06/2012,1.42
10418,0101001122,10, 21/06/2012,0.15
10419,0101001126,11, 21/06/2012,1.87
10420,0101001142,13, 21/06/2012,1.28
10421,0101001134,8, 21/06/2012,0.84
10422,0101001142,13, 21/06/2012,0.87
10423,0101001145,5.7, 21/06/2012,0.6
10424,0101001380,35, 21/06/2012,1.01
10425,0101001389,12, 21/06/2012,1.84
10426,0101001396,12, 21/06/2012,0.92
10427,0101001134,6.6, 24/06/2012,0.03
10428,0101001142,13, 24/06/2012,1.39
10429,0101001145,9, 24/06/2012,1
10430,0101001380,35, 24/06/2012,1.61
10431,0101001389,17, 24/06/2012,1.56
10432,0101001396,12, 24/06/2012,0.14
10433,0101001144,4, 24/06/2012,1.36
10434,0101001124,1.9, 24/06/2012,1.83
10435,0101001143,6, 24/06/2012,1.4
10436,0101001379,12, 25/06/2012,1.59
10437,0101001388,20, 25/06/2012,0.66
10438,0101001377,16, 25/06/2012,0.82
10439,0101001133,9.7, 25/06/2012,0.25
10440,0101001144,3.3, 25/06/2012,0.72
10441,0101001144,15, 25/06/2012,1.07
10442,0101001379,85, 25/06/2012,0.26
10443,0101001397,150, 25/06/2012,1.58
10444,0101001399,115, 25/06/2012,1.94
10445,0101001133,13.4, 25/06/2012,0.7
10446,0101001124,12.4, 25/06/2012,1.43
10447,0101001145,16, 25/06/2012,0.54
10448,0101001378,115, 25/06/2012,1.57
10449,0101001399,68, 25/06/2012,0.04
10450,0101001122,15, 25/06/2012,0.48
10451,0101001132,10, 25/06/2012,0.84
10452,0101001145,16.8, 25/06/2012,0.52
10453,0101001143,17, 25/06/2012,0.93
10454,0101001387,15, 26/06/2012,0.87
10455,0101001399,50, 26/06/2012,1.41
10456,0101001398,70, 26/06/2012,1.34
10457,0101001380,180, 26/06/2012,1.97
10458,0101001377,300, 26/06/2012,1.67
10459,0101001145,15, 26/06/2012,1.35
10460,0101001143,11, 26/06/2012,1.06
10461,0101001387,100, 26/06/2012,1.49
10462,0101001399,150, 26/06/2012,1.09
10463,0101001380,90, 26/06/2012,1.28
10464,0101001143,15, 26/06/2012,1.38
10465,0101001132,12, 26/06/2012,0.92
10466,0101001143,10, 26/06/2012,0.43
10467,0101001122,13.5, 26/06/2012,1.67
10468,0101001132,15, 26/06/2012,0.11
10469,0101001145,16.8, 26/06/2012,1.88
10470,0101001143,12, 26/06/2012,0.5
10471,0101001387,15, 26/06/2012,1.64
10472,0101001399,150, 26/06/2012,0.03
10473,0101001398,120, 26/06/2012,0.68
10474,0101001380,212, 26/06/2012,1.93
10475,0101001377,140, 26/06/2012,1.73
10476,0101001145,15.7, 27/06/2012,1.56
10477,0101001143,16, 27/06/2012,1.1
10478,0101001387,125, 27/06/2012,0.06
10479,0101001399,175, 27/06/2012,1.49
10480,0101001380,80, 27/06/2012,1.15
10481,0101001143,25, 27/06/2012,0.9
10482,0101001132,16, 27/06/2012,1.38
10483,0101001143,12, 27/06/2012,1.88
10484,0101001122,10, 27/06/2012,1
10485,0101001126,11, 27/06/2012,0.33
10486,0101001142,13, 27/06/2012,1.89
10487,0101001134,8, 27/06/2012,1.37
10488,0101001142,13, 27/06/2012,1.41
10489,0101001145,5.7, 27/06/2012,0.27
10490,0101001380,35, 27/06/2012,0.39
10491,0101001389,12, 27/06/2012,1.44
10492,0101001396,12, 27/06/2012,1.19
10493,0101001122,10, 28/06/2012,1.92
10494,0101001126,11, 28/06/2012,0.67
10495,0101001142,13, 28/06/2012,0.27
10496,0101001134,8, 28/06/2012,1.89
10497,0101001142,13, 28/06/2012,0.76
10498,0101001145,5.7, 28/06/2012,0.08
10499,0101001380,35, 28/06/2012,1.61
10500,0101001389,12, 28/06/2012,1.51
10501,0101001396,12, 28/06/2012,1.56
10502,0101001122,10,01/07/2012,0.46
10503,0101001123,10,01/07/2012,1.62
10504,0101001124,10,01/07/2012,1.78
10505,0101001125,10,01/07/2012,0.02
10506,0101001126,10,01/07/2012,0.94
10507,0101001132,10,01/07/2012,0.69
10508,0101001133,10,01/07/2012,0.05
10509,0101001134,10,01/07/2012,0.97
10510,0101001135,10,01/07/2012,0.21
10511,0101001142,10,01/07/2012,1.19
10512,0101001143,10,01/07/2012,1.53
10513,0101001144,10,01/07/2012,0.83
10514,0101001145,10,01/07/2012,1.67
10515,0101001376,50,02/07/2012,0.17
10516,0101001377,50,02/07/2012,1.06
10517,0101001378,50,02/07/2012,1.03
10518,0101001379,50,02/07/2012,1.53
10519,0101001380,50,02/07/2012,0.17
10520,0101001386,50,02/07/2012,0.32
10521,0101001387,50,02/07/2012,1.65
10522,0101001388,50,02/07/2012,1.21
10523,0101001389,50,02/07/2012,0.31
10524,0101001396,50,02/07/2012,0.05
10525,0101001397,50,02/07/2012,0.06
10526,0101001398,50,02/07/2012,0.4
10527,0101001399,50,02/07/2012,0.52
10528,0101001122,10,03/07/2012,0.54
10529,0101001123,10,03/07/2012,1.05
10530,0101001124,10,03/07/2012,0.19
10531,0101001125,10,03/07/2012,0.63
10532,0101001126,10,03/07/2012,0.02
10533,0101001132,10,03/07/2012,1.15
10534,0101001133,10,03/07/2012,0.13
10535,0101001134,10,03/07/2012,0.41
10536,0101001135,10,03/07/2012,0.67
10537,0101001142,10,03/07/2012,1.21
10538,0101001143,10,03/07/2012,1.27
10539,0101001144,10,03/07/2012,0.22
10540,0101001145,10,03/07/2012,1.19
10541,0101001376,50,04/07/2012,0.3
10542,0101001377,50,04/07/2012,1.78
10543,0101001378,50,04/07/2012,1.35
10544,0101001379,50,04/07/2012,0.07
10545,0101001380,50,04/07/2012,1.99
10546,0101001386,50,04/07/2012,0.61
10547,0101001387,50,04/07/2012,0.81
10548,0101001388,50,04/07/2012,0.68
10549,0101001389,50,04/07/2012,1.02
10550,0101001396,50,04/07/2012,0.75
10551,0101001397,50,04/07/2012,0.43
10552,0101001398,50,04/07/2012,1.1
10553,0101001399,50,04/07/2012,0.85
10554,0101001134,10,05/07/2012,1.15
10555,0101001135,10,05/07/2012,0.73
10556,0101001142,10,05/07/2012,1.93
10557,0101001143,10,05/07/2012,1.11
10558,0101001144,10,05/07/2012,1.49
10559,0101001145,10,05/07/2012,1.48
10560,0101001376,50,05/07/2012,1.77
10561,0101001377,50,05/07/2012,0.16
10562,0101001378,50,05/07/2012,1.87
10563,0101001379,50,05/07/2012,1.66
10564,0101001122,10,08/07/2012,1.55
10565,0101001123,10,08/07/2012,1.53
10566,0101001124,10,08/07/2012,0.16
10567,0101001125,10,08/07/2012,0.27
10568,0101001126,10,08/07/2012,0.44
10569,0101001132,10,08/07/2012,0.15
10570,0101001133,10,08/07/2012,0.24
10571,0101001134,10,08/07/2012,1.21
10572,0101001135,10,08/07/2012,1.08
10573,0101001142,10,08/07/2012,0.41
10574,0101001143,10,08/07/2012,0.68
10575,0101001144,10,08/07/2012,1.19
10576,0101001145,10,08/07/2012,0.82
10577,0101001376,50,09/07/2012,0.36
10578,0101001377,50,09/07/2012,0.97
10579,0101001378,50,09/07/2012,1.39
10580,0101001379,50,09/07/2012,0.23
10581,0101001380,50,09/07/2012,0.65
10582,0101001386,50,09/07/2012,0.26
10583,0101001387,50,09/07/2012,0.47
10584,0101001388,50,09/07/2012,1.23
10585,0101001389,50,09/07/2012,1.46
10586,0101001396,50,09/07/2012,1.81
10587,0101001397,50,09/07/2012,1.14
10588,0101001398,50,09/07/2012,1.64
10589,0101001399,50,09/07/2012,1.12
10590,0101001122,10,10/07/2012,1.43
10591,0101001123,10,10/07/2012,1.03
10592,0101001124,10,10/07/2012,0.88
10593,0101001125,10,10/07/2012,1.95
10594,0101001126,10,10/07/2012,1.08
10595,0101001132,10,10/07/2012,1.85
10596,0101001133,10,10/07/2012,1.02
10597,0101001134,10,10/07/2012,1.82
10598,0101001135,10,10/07/2012,0.48
10599,0101001142,10,10/07/2012,1.04
10600,0101001143,10,10/07/2012,1.43
10601,0101001144,10,10/07/2012,0.23
10602,0101001145,10,10/07/2012,1.25
10603,0101001376,50,11/07/2012,0.02
10604,0101001377,50,11/07/2012,0.73
10605,0101001378,50,11/07/2012,1.54
10606,0101001379,50,11/07/2012,0.23
10607,0101001380,50,11/07/2012,1.54
10608,0101001386,50,11/07/2012,0.27
10609,0101001387,50,11/07/2012,1.5
10610,0101001388,50,11/07/2012,1.76
10611,0101001389,50,11/07/2012,0.5
10612,0101001396,50,11/07/2012,1.98
10613,0101001397,50,11/07/2012,1.72
10614,0101001398,50,11/07/2012,1.57
10615,0101001399,50,11/07/2012,0.33
10616,0101001134,10,12/07/2012,0.31
10617,0101001135,10,12/07/2012,1.1
10618,0101001142,10,12/07/2012,1
10619,0101001143,10,12/07/2012,1.42
10620,0101001144,10,12/07/2012,0.31
10621,0101001145,10,12/07/2012,1.8
10622,0101001376,50,12/07/2012,1.17
10623,0101001377,50,12/07/2012,1.16
10624,0101001378,50,12/07/2012,0.26
10625,0101001379,50,12/07/2012,1.76
10626,0101001132,5.5,15/07/2012,1.5
10627,0101001142,10,15/07/2012,1.41
10628,0101001380,70,15/07/2012,0.7
10629,0101001396,120,15/07/2012,1.94
10630,0101001142,15,15/07/2012,0.04
10631,0101001144,18,15/07/2012,1.35
10632,0101001388,150,15/07/2012,0.45
10633,0101001380,75,15/07/2012,0.39
10634,0101001134,15,15/07/2012,1.09
10635,0101001142,10,15/07/2012,0.15
10636,0101001386,160,15/07/2012,0.78
10637,0101001144,10,15/07/2012,0.62
10638,0101001145,10,15/07/2012,1.96
10639,0101001376,50,16/07/2012,0.14
10640,0101001377,50,16/07/2012,1.35
10641,0101001134,5,16/07/2012,1.64
10642,0101001379,50,16/07/2012,0.62
10643,0101001380,50,16/07/2012,1.88
10644,0101001143,12,16/07/2012,1.81
10645,0101001387,50,16/07/2012,1.1
10646,0101001388,50,16/07/2012,0.41
10647,0101001389,50,16/07/2012,1.43
10648,0101001396,50,16/07/2012,0.89
10649,0101001397,50,16/07/2012,1.58
10650,0101001398,50,16/07/2012,0.76
10651,0101001399,50,16/07/2012,0.02
10652,0101001122,10,17/07/2012,0.08
10653,0101001123,10,17/07/2012,1.46
10654,0101001124,10,17/07/2012,1.6
10655,0101001125,10,17/07/2012,1.48
10656,0101001126,10,17/07/2012,0.42
10657,0101001132,10,17/07/2012,0.61
10658,0101001133,10,17/07/2012,1.08
10659,0101001134,10,17/07/2012,0.68
10660,0101001135,10,17/07/2012,0.63
10661,0101001142,10,17/07/2012,1.6
10662,0101001143,10,17/07/2012,0.73
10663,0101001144,10,17/07/2012,1.39
10664,0101001145,10,17/07/2012,1.84
10665,0101001376,50,18/07/2012,1.5
10666,0101001377,50,18/07/2012,0.78
10667,0101001378,50,18/07/2012,0.06
10668,0101001379,50,18/07/2012,1.99
10669,0101001380,50,18/07/2012,0.56
10670,0101001386,50,18/07/2012,1.77
10671,0101001387,50,18/07/2012,1.95
10672,0101001388,50,18/07/2012,0.11
10673,0101001389,50,18/07/2012,0.31
10674,0101001396,50,18/07/2012,1.54
10675,0101001397,50,18/07/2012,1.8
10676,0101001398,50,18/07/2012,1.95
10677,0101001399,50,18/07/2012,0.23
10678,0101001134,10,19/07/2012,1.53
10679,0101001135,10,19/07/2012,0.4
10680,0101001142,10,19/07/2012,0.94
10681,0101001143,10,19/07/2012,1.65
10682,0101001144,10,19/07/2012,1.28
10683,0101001145,10,19/07/2012,1.41
10684,0101001376,50,19/07/2012,0.69
10685,0101001377,50,19/07/2012,1.4
10686,0101001378,50,19/07/2012,0.82
10687,0101001379,50,19/07/2012,0.72
10688,0101001134,6.6,22/07/2012,0.8
10689,0101001142,13,22/07/2012,1.07
10690,0101001145,9,22/07/2012,1.65
10691,0101001380,35,22/07/2012,1.09
10692,0101001389,17,22/07/2012,0.08
10693,0101001396,12,22/07/2012,0.19
10694,0101001144,4,22/07/2012,0.63
10695,0101001124,1.9,22/07/2012,0.85
10696,0101001143,6,22/07/2012,1.64
10697,0101001379,12,23/07/2012,0.59
10698,0101001388,20,23/07/2012,1.34
10699,0101001377,16,23/07/2012,0.57
10700,0101001133,9.7,23/07/2012,0.62
10701,0101001144,3.3,23/07/2012,0.93
10702,0101001144,15,23/07/2012,1.62
10703,0101001379,85,23/07/2012,0.72
10704,0101001397,150,23/07/2012,0.72
10705,0101001399,115,23/07/2012,1.91
10706,0101001133,13.4,23/07/2012,1.36
10707,0101001124,12.4,23/07/2012,0.53
10708,0101001145,16,23/07/2012,1.18
10709,0101001378,115,23/07/2012,0.25
10710,0101001399,68,23/07/2012,1.23
10711,0101001122,15,23/07/2012,1.29
10712,0101001132,10,23/07/2012,0.09
10713,0101001145,16.8,23/07/2012,0.26
10714,0101001143,17,23/07/2012,1.31
10715,0101001387,15,24/07/2012,0.06
10716,0101001399,50,24/07/2012,0.87
10717,0101001398,70,24/07/2012,1.98
10718,0101001380,180,24/07/2012,1.4
10719,0101001377,300,24/07/2012,1.04
10720,0101001145,15,24/07/2012,0.11
10721,0101001143,11,24/07/2012,0.62
10722,0101001387,100,24/07/2012,1.51
10723,0101001399,150,24/07/2012,0.03
10724,0101001380,90,24/07/2012,0.3
10725,0101001143,15,24/07/2012,0.4
10726,0101001132,12,24/07/2012,0.42
10727,0101001143,10,24/07/2012,1.26
10728,0101001122,13.5,24/07/2012,1.24
10729,0101001132,15,24/07/2012,0.46
10730,0101001145,16.8,24/07/2012,0.09
10731,0101001143,12,24/07/2012,0.23
10732,0101001387,15,24/07/2012,0.55
10733,0101001399,150,24/07/2012,0.12
10734,0101001398,120,24/07/2012,1.06
10735,0101001380,212,24/07/2012,1.44
10736,0101001377,140,24/07/2012,0.81
10737,0101001145,15.7,25/07/2012,0.59
10738,0101001143,16,25/07/2012,0.5
10739,0101001387,125,25/07/2012,1.25
10740,0101001399,175,25/07/2012,1.87
10741,0101001380,80,25/07/2012,0.79
10742,0101001143,25,25/07/2012,0.73
10743,0101001132,16,25/07/2012,1.32
10744,0101001143,12,25/07/2012,1.76
10745,0101001122,10,25/07/2012,1.68
10746,0101001126,11,25/07/2012,0.09
10747,0101001142,13,25/07/2012,0.06
10748,0101001134,8,25/07/2012,0.6
10749,0101001142,13,25/07/2012,0.45
10750,0101001145,5.7,25/07/2012,0.45
10751,0101001380,35,25/07/2012,0.64
10752,0101001389,12,25/07/2012,1.43
10753,0101001396,12,25/07/2012,1.57
10754,0101001122,10,26/07/2012,1.03
10755,0101001126,11,26/07/2012,1.24
10756,0101001142,13,26/07/2012,1.48
10757,0101001134,8,26/07/2012,1.74
10758,0101001142,13,26/07/2012,0.53
10759,0101001145,5.7,26/07/2012,1.76
10760,0101001380,35,26/07/2012,0.15
10761,0101001389,12,26/07/2012,0.97
10762,0101001396,12,26/07/2012,1.98
10763,0101001134,6.6,29/07/2012,0.06
10764,0101001142,13,29/07/2012,1.97
10765,0101001145,9,29/07/2012,0.05
10766,0101001380,35,29/07/2012,0.64
10767,0101001389,17,29/07/2012,0.95
10768,0101001396,12,29/07/2012,1.19
10769,0101001144,4,29/07/2012,1.77
10770,0101001124,1.9,29/07/2012,1.45
10771,0101001143,6,29/07/2012,0.99
10772,0101001379,12,30/07/2012,1.68
10773,0101001388,20,30/07/2012,0.95
10774,0101001377,16,30/07/2012,1.98
10775,0101001133,9.7,30/07/2012,0.12
10776,0101001144,3.3,30/07/2012,1.41
10777,0101001144,15,30/07/2012,1.04
10778,0101001379,85,30/07/2012,0.03
10779,0101001397,150,30/07/2012,1.32
10780,0101001399,115,30/07/2012,1.64
10781,0101001133,13.4,30/07/2012,0.91
10782,0101001124,12.4,30/07/2012,1.61
10783,0101001145,16,30/07/2012,0.03
10784,0101001378,115,30/07/2012,1.33
10785,0101001399,68,30/07/2012,0.81
10786,0101001122,15,30/07/2012,0.48
10787,0101001132,10,30/07/2012,1.34
10788,0101001145,16.8,30/07/2012,0.97
10789,0101001143,17,30/07/2012,0.64
10790,0101001387,15,31/07/2012,0.07
10791,0101001399,50,31/07/2012,1.17
10792,0101001398,70,31/07/2012,1.68
10793,0101001380,180,31/07/2012,1.71
10794,0101001377,300,31/07/2012,1.5
10795,0101001145,15,31/07/2012,0.18
10796,0101001143,11,31/07/2012,1.77
10797,0101001387,100,31/07/2012,1.37
10798,0101001399,150,31/07/2012,0.64
10799,0101001380,90,31/07/2012,0.85
10800,0101001143,15,31/07/2012,1.93
10801,0101001132,12,31/07/2012,1.43
10802,0101001143,10,31/07/2012,0.54
10803,0101001122,13.5,31/07/2012,0.11
10804,0101001132,15,31/07/2012,1.84
10805,0101001145,16.8,31/07/2012,1.64
10806,0101001143,12,31/07/2012,1.31
10807,0101001387,15,31/07/2012,0.45
10808,0101001399,150,31/07/2012,0.05
10809,0101001398,120,31/07/2012,1.02
10810,0101001380,212,31/07/2012,1.45
10811,0101001377,140,31/07/2012,1.27
10812,0101001145,15.7,01/08/2012,0.22
10813,0101001143,16,01/08/2012,0.96
10814,0101001387,125,01/08/2012,0.73
10815,0101001399,175,01/08/2012,1.27
10816,0101001380,80,01/08/2012,1
10817,0101001143,25,01/08/2012,0.36
10818,0101001132,16,01/08/2012,1.23
10819,0101001143,12,01/08/2012,1.92
10820,0101001122,10,01/08/2012,1.5
10821,0101001126,11,01/08/2012,1.46
10822,0101001142,13,01/08/2012,1.86
10823,0101001134,8,01/08/2012,1.62
10824,0101001142,13,01/08/2012,0.63
10825,0101001145,5.7,01/08/2012,1.88
10826,0101001380,35,01/08/2012,1.12
10827,0101001389,12,01/08/2012,1.53
10828,0101001396,12,01/08/2012,1.14
10829,0101001122,10,02/08/2012,0.61
10830,0101001126,11,02/08/2012,1.12
10831,0101001142,13,02/08/2012,0.84
10832,0101001134,8,02/08/2012,0.11
10833,0101001142,13,02/08/2012,1.44
10834,0101001145,5.7,02/08/2012,0.02
10835,0101001380,35,02/08/2012,0.21
10836,0101001389,12,02/08/2012,1.94
10837,0101001396,12,02/08/2012,0.07
10838,0101001134,6.6,05/08/2012,0.36
10839,0101001142,13,05/08/2012,0.66
10840,0101001145,9,05/08/2012,1.9
10841,0101001380,35,05/08/2012,0.13
10842,0101001389,17,05/08/2012,0.87
10843,0101001396,12,05/08/2012,0.51
10844,0101001144,4,05/08/2012,0.17
10845,0101001124,1.9,05/08/2012,1.34
10846,0101001143,6,05/08/2012,0.27
10847,0101001379,12,06/08/2012,1.16
10848,0101001388,20,06/08/2012,1.27
10849,0101001377,16,06/08/2012,1.91
10850,0101001133,9.7,06/08/2012,0.73
10851,0101001144,3.3,06/08/2012,0.35
10852,0101001144,15,06/08/2012,1.53
10853,0101001379,85,06/08/2012,0.51
10854,0101001397,150,06/08/2012,1.76
10855,0101001399,115,06/08/2012,1.05
10856,0101001133,13.4,06/08/2012,1.4
10857,0101001124,12.4,06/08/2012,1.39
10858,0101001145,16,06/08/2012,1.67
10859,0101001378,115,06/08/2012,0.16
10860,0101001399,68,06/08/2012,0.03
10861,0101001122,15,06/08/2012,0.39
10862,0101001132,10,06/08/2012,1.08
10863,0101001145,16.8,06/08/2012,0.89
10864,0101001143,17,06/08/2012,0.46
10865,0101001387,15,07/08/2012,1.35
10866,0101001399,50,07/08/2012,0.65
10867,0101001398,70,07/08/2012,1.56
10868,0101001380,180,07/08/2012,0.17
10869,0101001377,300,07/08/2012,1.25
10870,0101001145,15,07/08/2012,0.74
10871,0101001143,11,07/08/2012,1.03
10872,0101001387,100,07/08/2012,1.15
10873,0101001399,150,07/08/2012,0.99
10874,0101001380,90,07/08/2012,1.46
10875,0101001143,15,07/08/2012,0.28
10876,0101001132,12,07/08/2012,0.99
10877,0101001143,10,07/08/2012,0.6
10878,0101001122,13.5,07/08/2012,1.8
10879,0101001132,15,07/08/2012,0.66
10880,0101001145,16.8,07/08/2012,1.99
10881,0101001143,12,07/08/2012,0.78
10882,0101001387,15,07/08/2012,0.33
10883,0101001399,150,07/08/2012,0.77
10884,0101001398,120,07/08/2012,0.13
10885,0101001380,212,07/08/2012,1.83
10886,0101001377,140,07/08/2012,1.9
10887,0101001145,15.7,08/08/2012,0.61
10888,0101001143,16,08/08/2012,0.59
10889,0101001387,125,08/08/2012,0.9
10890,0101001399,175,08/08/2012,1.61
10891,0101001380,80,08/08/2012,1.21
10892,0101001143,25,08/08/2012,0.19
10893,0101001132,16,08/08/2012,1.26
10894,0101001143,12,08/08/2012,1.99
10895,0101001122,10,08/08/2012,0.05
10896,0101001126,11,08/08/2012,1.28
10897,0101001142,13,08/08/2012,1.93
10898,0101001134,8,08/08/2012,0.64
10899,0101001142,13,08/08/2012,0.59
10900,0101001145,5.7,08/08/2012,1.07
10901,0101001380,35,08/08/2012,0.05
10902,0101001389,12,08/08/2012,0.37
10903,0101001396,12,08/08/2012,1.07
10904,0101001122,10,09/08/2012,0.49
10905,0101001126,11,09/08/2012,0.46
10906,0101001142,13,09/08/2012,0.45
10907,0101001134,8,09/08/2012,1.74
10908,0101001142,13,09/08/2012,0.16
10909,0101001145,5.7,09/08/2012,1.49
10910,0101001380,35,09/08/2012,1.5
10911,0101001389,12,09/08/2012,1.51
10912,0101001396,12,09/08/2012,1.69
10913,0101001134,6.6,12/08/2012,0.1
10914,0101001142,13,12/08/2012,0.3
10915,0101001145,9,12/08/2012,0.63
10916,0101001380,35,12/08/2012,0.88
10917,0101001389,17,12/08/2012,1.01
10918,0101001396,12,12/08/2012,1.08
10919,0101001144,4,12/08/2012,1.35
10920,0101001124,1.9,12/08/2012,1.23
10921,0101001143,6,12/08/2012,1.78
10922,0101001379,12,13/08/2012,1.23
10923,0101001388,20,13/08/2012,1.97
10924,0101001377,16,13/08/2012,0.15
10925,0101001133,9.7,13/08/2012,1.3
10926,0101001144,3.3,13/08/2012,0.29
10927,0101001144,15,13/08/2012,1.06
10928,0101001379,85,13/08/2012,0.95
10929,0101001397,150,13/08/2012,0.73
10930,0101001399,115,13/08/2012,0.58
10931,0101001133,13.4,13/08/2012,0.19
10932,0101001124,12.4,13/08/2012,1.47
10933,0101001145,16,13/08/2012,1.65
10934,0101001378,115,13/08/2012,1.61
10935,0101001399,68,13/08/2012,1.96
10936,0101001122,15,13/08/2012,0.29
10937,0101001132,10,13/08/2012,1.89
10938,0101001145,16.8,13/08/2012,0.98
10939,0101001143,17,13/08/2012,0.37
10940,0101001387,15,14/08/2012,0.1
10941,0101001399,50,14/08/2012,1.35
10942,0101001398,70,14/08/2012,1.89
10943,0101001380,180,14/08/2012,1.53
10944,0101001377,300,14/08/2012,1.88
10945,0101001145,15,14/08/2012,0.26
10946,0101001143,11,14/08/2012,1.44
10947,0101001387,100,14/08/2012,1.45
10948,0101001399,150,14/08/2012,0.2
10949,0101001380,90,14/08/2012,0.18
10950,0101001143,15,14/08/2012,0.79
10951,0101001132,12,14/08/2012,1.71
10952,0101001143,10,14/08/2012,0.72
10953,0101001122,13.5,14/08/2012,1.36
10954,0101001132,15,14/08/2012,0.27
10955,0101001145,16.8,14/08/2012,0.59
10956,0101001143,12,14/08/2012,0.77
10957,0101001387,15,14/08/2012,1.64
10958,0101001399,150,14/08/2012,0.53
10959,0101001398,120,14/08/2012,0.87
10960,0101001380,212,14/08/2012,0.69
10961,0101001377,140,14/08/2012,0.46
10962,0101001145,15.7,14/08/2012,0.56
10963,0101001143,16,16/08/2012,1.61
10964,0101001387,125,16/08/2012,0.03
10965,0101001399,175,16/08/2012,0.79
10966,0101001380,80,16/08/2012,0.1
10967,0101001143,25,16/08/2012,1.68
10968,0101001132,16,16/08/2012,1.9
10969,0101001143,12,16/08/2012,0.48
10970,0101001122,10,16/08/2012,0.2
10971,0101001126,11,16/08/2012,0.21
10972,0101001142,13,16/08/2012,1.57
10973,0101001134,8,16/08/2012,1.05
10974,0101001142,13,16/08/2012,0.66
10975,0101001145,5.7,16/08/2012,1.51
10976,0101001380,35,16/08/2012,1.75
10977,0101001389,12,16/08/2012,1.81
10978,0101001396,12,16/08/2012,0.8
10979,0101001122,10,16/08/2012,1.51
10980,0101001126,11,16/08/2012,0.2
10981,0101001142,13,16/08/2012,0.49
10982,0101001134,8,16/08/2012,0.08
10983,0101001142,13,16/08/2012,0.45
10984,0101001145,5.7,16/08/2012,0.33
10985,0101001380,35,16/08/2012,1.1
10986,0101001389,12,16/08/2012,1.39
10987,0101001396,12,16/08/2012,0.3